/*
SQLyog Ultimate v9.20 
MySQL - 5.5.8-log : Database - combo_imobiliaria
*********************************************************************
*/

/*!40101 SET NAMES utf8 */;

/*!40101 SET SQL_MODE=''*/;

/*!40014 SET @OLD_UNIQUE_CHECKS=@@UNIQUE_CHECKS, UNIQUE_CHECKS=0 */;
/*!40014 SET @OLD_FOREIGN_KEY_CHECKS=@@FOREIGN_KEY_CHECKS, FOREIGN_KEY_CHECKS=0 */;
/*!40101 SET @OLD_SQL_MODE=@@SQL_MODE, SQL_MODE='NO_AUTO_VALUE_ON_ZERO' */;
/*!40111 SET @OLD_SQL_NOTES=@@SQL_NOTES, SQL_NOTES=0 */;
/*Table structure for table `access_logs` */

DROP TABLE IF EXISTS `access_logs`;

CREATE TABLE `access_logs` (
  `id` bigint(20) unsigned NOT NULL AUTO_INCREMENT,
  `page` varchar(50) NOT NULL,
  `product_id` bigint(20) unsigned DEFAULT NULL,
  `ip` varchar(50) NOT NULL,
  `browser` varchar(200) NOT NULL,
  `system` varchar(50) NOT NULL,
  `created` datetime NOT NULL DEFAULT '0000-00-00 00:00:00',
  `updated` datetime NOT NULL DEFAULT '0000-00-00 00:00:00',
  `removed` datetime NOT NULL DEFAULT '0000-00-00 00:00:00',
  PRIMARY KEY (`id`)
) ENGINE=InnoDB AUTO_INCREMENT=405 DEFAULT CHARSET=latin1;

/*Data for the table `access_logs` */

insert  into `access_logs`(`id`,`page`,`product_id`,`ip`,`browser`,`system`,`created`,`updated`,`removed`) values (1,'home',NULL,'192.168.1.103','Google Chrome','Windows 7','2012-02-23 19:11:39','0000-00-00 00:00:00','0000-00-00 00:00:00'),(2,'imoveis',NULL,'192.168.1.103','Google Chrome','Windows 7','2012-02-23 19:11:40','0000-00-00 00:00:00','0000-00-00 00:00:00'),(3,'imoveis',2,'192.168.1.103','Google Chrome','Windows 7','2012-02-23 19:11:42','0000-00-00 00:00:00','0000-00-00 00:00:00'),(4,'contato',NULL,'192.168.1.103','Google Chrome','Windows 7','2012-02-23 19:11:43','0000-00-00 00:00:00','0000-00-00 00:00:00'),(5,'imoveis',NULL,'192.168.1.103','Google Chrome','Windows 7','2012-02-23 19:11:44','0000-00-00 00:00:00','0000-00-00 00:00:00'),(6,'imoveis',6,'192.168.1.103','Google Chrome','Windows 7','2012-02-23 19:11:44','0000-00-00 00:00:00','0000-00-00 00:00:00'),(7,'home',NULL,'192.168.1.103','Mozilla Firefox','Windows 7','2012-02-23 19:12:02','0000-00-00 00:00:00','0000-00-00 00:00:00'),(8,'imoveis',NULL,'192.168.1.103','Mozilla Firefox','Windows 7','2012-02-23 19:12:05','0000-00-00 00:00:00','0000-00-00 00:00:00'),(9,'imoveis',6,'192.168.1.103','Mozilla Firefox','Windows 7','2012-01-23 19:12:08','0000-00-00 00:00:00','0000-00-00 00:00:00'),(10,'contato',NULL,'192.168.1.103','Mozilla Firefox','Windows 7','2011-02-23 19:12:08','0000-00-00 00:00:00','0000-00-00 00:00:00'),(11,'imoveis',NULL,'192.168.1.103','Mozilla Firefox','Windows 7','2012-02-23 19:12:10','0000-00-00 00:00:00','0000-00-00 00:00:00'),(12,'imoveis',2,'192.168.1.103','Mozilla Firefox','Windows 7','2011-01-23 19:12:11','0000-00-00 00:00:00','0000-00-00 00:00:00'),(13,'home',NULL,'192.168.1.103','Mozilla Firefox','Windows 7','2012-02-23 19:12:11','0000-00-00 00:00:00','0000-00-00 00:00:00'),(14,'home',NULL,'192.168.1.103','Google Chrome','Windows 7','2012-02-24 18:18:15','0000-00-00 00:00:00','0000-00-00 00:00:00'),(15,'imoveis',NULL,'192.168.1.103','Google Chrome','Windows 7','2012-02-24 18:18:17','0000-00-00 00:00:00','0000-00-00 00:00:00'),(16,'imoveis',6,'192.168.1.103','Google Chrome','Windows 7','2012-02-24 18:18:18','0000-00-00 00:00:00','0000-00-00 00:00:00'),(17,'contato',NULL,'192.168.1.103','Google Chrome','Windows 7','2012-02-24 18:38:32','0000-00-00 00:00:00','0000-00-00 00:00:00'),(18,'imoveis',NULL,'192.168.1.103','Google Chrome','Windows 7','2012-02-24 18:38:32','0000-00-00 00:00:00','0000-00-00 00:00:00'),(19,'home',NULL,'192.168.1.103','Google Chrome','Windows 7','2012-02-24 18:38:33','0000-00-00 00:00:00','0000-00-00 00:00:00'),(20,'home',NULL,'192.168.1.103','Google Chrome','Windows 7','2012-02-24 18:38:34','0000-00-00 00:00:00','0000-00-00 00:00:00'),(21,'imoveis',NULL,'192.168.1.103','Google Chrome','Windows 7','2012-02-24 18:38:35','0000-00-00 00:00:00','0000-00-00 00:00:00'),(22,'imoveis',2,'192.168.1.103','Google Chrome','Windows 7','2012-02-24 18:38:36','0000-00-00 00:00:00','0000-00-00 00:00:00'),(23,'contato',NULL,'192.168.1.103','Google Chrome','Windows 7','2012-02-24 18:38:36','0000-00-00 00:00:00','0000-00-00 00:00:00'),(24,'imoveis',NULL,'192.168.1.103','Google Chrome','Windows 7','2012-02-24 18:38:37','0000-00-00 00:00:00','0000-00-00 00:00:00'),(25,'imoveis',2,'192.168.1.103','Google Chrome','Windows 7','2012-02-24 18:38:37','0000-00-00 00:00:00','0000-00-00 00:00:00'),(26,'imoveis',NULL,'192.168.1.103','Google Chrome','Windows 7','2012-02-24 18:38:39','0000-00-00 00:00:00','0000-00-00 00:00:00'),(27,'imoveis',6,'192.168.1.103','Google Chrome','Windows 7','2012-02-24 18:38:39','0000-00-00 00:00:00','0000-00-00 00:00:00'),(28,'imoveis',6,'192.168.1.103','Google Chrome','Windows 7','2012-02-24 18:38:50','0000-00-00 00:00:00','0000-00-00 00:00:00'),(29,'imoveis',6,'192.168.1.103','Google Chrome','Windows 7','2012-02-24 18:38:51','0000-00-00 00:00:00','0000-00-00 00:00:00'),(30,'imoveis',6,'192.168.1.103','Google Chrome','Windows 7','2012-02-24 18:38:51','0000-00-00 00:00:00','0000-00-00 00:00:00'),(31,'imoveis',6,'192.168.1.103','Google Chrome','Windows 7','2012-02-24 18:38:51','0000-00-00 00:00:00','0000-00-00 00:00:00'),(32,'imoveis',6,'192.168.1.103','Google Chrome','Windows 7','2012-02-24 18:38:53','0000-00-00 00:00:00','0000-00-00 00:00:00'),(33,'imoveis',6,'192.168.1.103','Google Chrome','Windows 7','2012-02-24 18:39:29','0000-00-00 00:00:00','0000-00-00 00:00:00'),(34,'contato',NULL,'192.168.1.103','Google Chrome','Windows 7','2012-02-24 18:39:33','0000-00-00 00:00:00','0000-00-00 00:00:00'),(35,'home',NULL,'192.168.1.103','Google Chrome','Windows 7','2012-02-24 18:39:34','0000-00-00 00:00:00','0000-00-00 00:00:00'),(36,'imoveis',NULL,'192.168.1.103','Google Chrome','Windows 7','2012-02-24 18:39:35','0000-00-00 00:00:00','0000-00-00 00:00:00'),(37,'imoveis',2,'192.168.1.103','Google Chrome','Windows 7','2012-02-24 18:39:35','0000-00-00 00:00:00','0000-00-00 00:00:00'),(38,'contato',NULL,'192.168.1.103','Google Chrome','Windows 7','2012-02-24 18:39:36','0000-00-00 00:00:00','0000-00-00 00:00:00'),(39,'contato',NULL,'192.168.1.103','Google Chrome','Windows 7','2012-02-24 18:39:37','0000-00-00 00:00:00','0000-00-00 00:00:00'),(40,'home',NULL,'192.168.1.103','Google Chrome','Windows 7','2012-02-24 18:39:38','0000-00-00 00:00:00','0000-00-00 00:00:00'),(41,'home',NULL,'192.168.1.103','Google Chrome','Windows 7','2012-02-24 18:39:39','0000-00-00 00:00:00','0000-00-00 00:00:00'),(42,'home',NULL,'192.168.1.103','Google Chrome','Windows 7','2012-02-24 18:39:39','0000-00-00 00:00:00','0000-00-00 00:00:00'),(43,'home',NULL,'192.168.1.103','Google Chrome','Windows 7','2012-02-24 18:39:40','0000-00-00 00:00:00','0000-00-00 00:00:00'),(44,'home',NULL,'192.168.1.103','Google Chrome','Windows 7','2012-02-24 18:39:40','0000-00-00 00:00:00','0000-00-00 00:00:00'),(45,'home',NULL,'192.168.1.103','Google Chrome','Windows 7','2012-02-24 18:39:41','0000-00-00 00:00:00','0000-00-00 00:00:00'),(46,'imoveis',NULL,'192.168.1.103','Google Chrome','Windows 7','2012-02-24 18:39:41','0000-00-00 00:00:00','0000-00-00 00:00:00'),(47,'imoveis',6,'192.168.1.103','Google Chrome','Windows 7','2012-02-24 18:39:42','0000-00-00 00:00:00','0000-00-00 00:00:00'),(48,'imoveis',6,'192.168.1.103','Google Chrome','Windows 7','2012-02-24 18:39:44','0000-00-00 00:00:00','0000-00-00 00:00:00'),(49,'imoveis',6,'192.168.1.103','Google Chrome','Windows 7','2012-02-24 18:39:44','0000-00-00 00:00:00','0000-00-00 00:00:00'),(50,'home',NULL,'192.168.1.103','Google Chrome','Windows 7','2012-02-24 18:39:46','0000-00-00 00:00:00','0000-00-00 00:00:00'),(51,'imoveis',NULL,'192.168.1.103','Google Chrome','Windows 7','2012-02-24 18:39:47','0000-00-00 00:00:00','0000-00-00 00:00:00'),(52,'imoveis',2,'192.168.1.103','Google Chrome','Windows 7','2012-02-24 18:39:47','0000-00-00 00:00:00','0000-00-00 00:00:00'),(53,'imoveis',2,'192.168.1.103','Google Chrome','Windows 7','2012-02-24 18:39:49','0000-00-00 00:00:00','0000-00-00 00:00:00'),(54,'home',NULL,'127.0.0.1','Google Chrome','Windows 7','2012-02-26 14:57:14','0000-00-00 00:00:00','0000-00-00 00:00:00'),(55,'home',NULL,'10.1.1.110','Google Chrome','Windows 7','2012-02-27 19:19:58','0000-00-00 00:00:00','0000-00-00 00:00:00'),(56,'imoveis',NULL,'10.1.1.110','Google Chrome','Windows 7','2012-02-27 19:19:59','0000-00-00 00:00:00','0000-00-00 00:00:00'),(57,'imoveis',2,'10.1.1.110','Google Chrome','Windows 7','2012-02-27 19:20:02','0000-00-00 00:00:00','0000-00-00 00:00:00'),(58,'imoveis',NULL,'10.1.1.110','Google Chrome','Windows 7','2012-02-27 19:20:12','0000-00-00 00:00:00','0000-00-00 00:00:00'),(59,'imoveis',6,'10.1.1.110','Google Chrome','Windows 7','2012-02-27 19:20:13','0000-00-00 00:00:00','0000-00-00 00:00:00'),(60,'imoveis',NULL,'10.1.1.110','Google Chrome','Windows 7','2012-02-27 19:20:15','0000-00-00 00:00:00','0000-00-00 00:00:00'),(61,'imoveis',2,'10.1.1.110','Google Chrome','Windows 7','2012-02-27 19:20:16','0000-00-00 00:00:00','0000-00-00 00:00:00'),(62,'home',NULL,'127.0.0.1','Google Chrome','Windows 7','2012-03-01 12:42:56','0000-00-00 00:00:00','0000-00-00 00:00:00'),(63,'contato',NULL,'127.0.0.1','Google Chrome','Windows 7','2012-03-01 12:43:04','0000-00-00 00:00:00','0000-00-00 00:00:00'),(64,'imoveis',NULL,'127.0.0.1','Google Chrome','Windows 7','2012-03-01 12:43:05','0000-00-00 00:00:00','0000-00-00 00:00:00'),(65,'home',NULL,'127.0.0.1','Google Chrome','Windows 7','2012-03-01 12:43:05','0000-00-00 00:00:00','0000-00-00 00:00:00'),(66,'imoveis',NULL,'127.0.0.1','Google Chrome','Windows 7','2012-03-01 12:43:06','0000-00-00 00:00:00','0000-00-00 00:00:00'),(67,'imoveis',2,'127.0.0.1','Google Chrome','Windows 7','2012-03-01 12:43:08','0000-00-00 00:00:00','0000-00-00 00:00:00'),(68,'imoveis',NULL,'127.0.0.1','Google Chrome','Windows 7','2012-03-01 12:43:09','0000-00-00 00:00:00','0000-00-00 00:00:00'),(69,'imoveis',2,'127.0.0.1','Google Chrome','Windows 7','2012-03-01 12:43:10','0000-00-00 00:00:00','0000-00-00 00:00:00'),(70,'imoveis',NULL,'127.0.0.1','Google Chrome','Windows 7','2012-03-01 12:43:11','0000-00-00 00:00:00','0000-00-00 00:00:00'),(71,'imoveis',6,'127.0.0.1','Google Chrome','Windows 7','2012-03-01 12:43:12','0000-00-00 00:00:00','0000-00-00 00:00:00'),(72,'imoveis',NULL,'127.0.0.1','Google Chrome','Windows 7','2012-03-01 12:43:13','0000-00-00 00:00:00','0000-00-00 00:00:00'),(73,'imoveis',2,'127.0.0.1','Google Chrome','Windows 7','2012-03-01 12:43:19','0000-00-00 00:00:00','0000-00-00 00:00:00'),(74,'imoveis',NULL,'127.0.0.1','Google Chrome','Windows 7','2012-03-01 12:43:21','0000-00-00 00:00:00','0000-00-00 00:00:00'),(75,'imoveis',6,'127.0.0.1','Google Chrome','Windows 7','2012-03-01 12:43:31','0000-00-00 00:00:00','0000-00-00 00:00:00'),(76,'home',NULL,'10.1.1.110','Google Chrome','Windows 7','2012-03-01 12:43:36','0000-00-00 00:00:00','0000-00-00 00:00:00'),(77,'home',NULL,'10.1.1.110','Google Chrome','Windows 7','2012-03-01 12:50:39','0000-00-00 00:00:00','0000-00-00 00:00:00'),(78,'home',NULL,'10.1.1.110','Google Chrome','Windows 7','2012-03-01 14:29:32','0000-00-00 00:00:00','0000-00-00 00:00:00'),(79,'imoveis',NULL,'10.1.1.110','Google Chrome','Windows 7','2012-03-01 14:29:34','0000-00-00 00:00:00','0000-00-00 00:00:00'),(80,'imoveis',NULL,'10.1.1.110','Google Chrome','Windows 7','2012-03-01 14:30:38','0000-00-00 00:00:00','0000-00-00 00:00:00'),(81,'imoveis',NULL,'10.1.1.110','Google Chrome','Windows 7','2012-03-01 14:32:40','0000-00-00 00:00:00','0000-00-00 00:00:00'),(82,'imoveis',NULL,'10.1.1.110','Google Chrome','Windows 7','2012-03-01 14:33:47','0000-00-00 00:00:00','0000-00-00 00:00:00'),(83,'imoveis',NULL,'10.1.1.110','Google Chrome','Windows 7','2012-03-01 14:35:04','0000-00-00 00:00:00','0000-00-00 00:00:00'),(84,'imoveis',NULL,'10.1.1.110','Google Chrome','Windows 7','2012-03-01 14:35:42','0000-00-00 00:00:00','0000-00-00 00:00:00'),(85,'imoveis',2,'10.1.1.110','Google Chrome','Windows 7','2012-03-01 14:36:04','0000-00-00 00:00:00','0000-00-00 00:00:00'),(86,'imoveis',2,'10.1.1.110','Google Chrome','Windows 7','2012-03-01 14:43:39','0000-00-00 00:00:00','0000-00-00 00:00:00'),(87,'home',NULL,'10.1.1.110','Google Chrome','Windows 7','2012-03-01 14:47:00','0000-00-00 00:00:00','0000-00-00 00:00:00'),(88,'home',NULL,'10.1.1.110','Google Chrome','Windows 7','2012-03-01 14:47:19','0000-00-00 00:00:00','0000-00-00 00:00:00'),(89,'imoveis',NULL,'10.1.1.110','Google Chrome','Windows 7','2012-03-01 14:47:20','0000-00-00 00:00:00','0000-00-00 00:00:00'),(90,'contato',NULL,'10.1.1.110','Google Chrome','Windows 7','2012-03-01 14:47:21','0000-00-00 00:00:00','0000-00-00 00:00:00'),(91,'home',NULL,'10.1.1.110','Google Chrome','Windows 7','2012-03-01 14:47:22','0000-00-00 00:00:00','0000-00-00 00:00:00'),(92,'imoveis',NULL,'10.1.1.110','Google Chrome','Windows 7','2012-03-01 14:47:23','0000-00-00 00:00:00','0000-00-00 00:00:00'),(93,'contato',NULL,'10.1.1.110','Google Chrome','Windows 7','2012-03-01 14:47:24','0000-00-00 00:00:00','0000-00-00 00:00:00'),(94,'imoveis',NULL,'10.1.1.110','Google Chrome','Windows 7','2012-03-01 14:47:25','0000-00-00 00:00:00','0000-00-00 00:00:00'),(95,'imoveis',2,'10.1.1.110','Google Chrome','Windows 7','2012-03-01 14:47:25','0000-00-00 00:00:00','0000-00-00 00:00:00'),(96,'imoveis',NULL,'10.1.1.110','Google Chrome','Windows 7','2012-03-01 14:47:26','0000-00-00 00:00:00','0000-00-00 00:00:00'),(97,'imoveis',NULL,'10.1.1.110','Google Chrome','Windows 7','2012-03-01 14:48:56','0000-00-00 00:00:00','0000-00-00 00:00:00'),(98,'imoveis',6,'10.1.1.110','Google Chrome','Windows 7','2012-03-01 14:48:58','0000-00-00 00:00:00','0000-00-00 00:00:00'),(99,'imoveis',NULL,'10.1.1.110','Google Chrome','Windows 7','2012-03-01 14:48:59','0000-00-00 00:00:00','0000-00-00 00:00:00'),(100,'imoveis',2,'10.1.1.110','Google Chrome','Windows 7','2012-03-01 14:49:00','0000-00-00 00:00:00','0000-00-00 00:00:00'),(101,'imoveis',NULL,'10.1.1.110','Google Chrome','Windows 7','2012-03-01 14:49:02','0000-00-00 00:00:00','0000-00-00 00:00:00'),(102,'imoveis',7,'10.1.1.110','Google Chrome','Windows 7','2012-03-01 14:49:04','0000-00-00 00:00:00','0000-00-00 00:00:00'),(103,'imoveis',NULL,'10.1.1.110','Google Chrome','Windows 7','2012-03-01 14:49:06','0000-00-00 00:00:00','0000-00-00 00:00:00'),(104,'imoveis',6,'10.1.1.110','Google Chrome','Windows 7','2012-03-01 15:01:45','0000-00-00 00:00:00','0000-00-00 00:00:00'),(105,'home',NULL,'10.1.1.110','Google Chrome','Windows 7','2012-03-01 15:01:46','0000-00-00 00:00:00','0000-00-00 00:00:00'),(106,'home',NULL,'10.1.1.110','Google Chrome','Windows 7','2012-03-01 15:02:50','0000-00-00 00:00:00','0000-00-00 00:00:00'),(107,'home',NULL,'10.1.1.110','Google Chrome','Windows 7','2012-03-01 15:03:48','0000-00-00 00:00:00','0000-00-00 00:00:00'),(108,'home',NULL,'10.1.1.110','Google Chrome','Windows 7','2012-03-01 15:04:22','0000-00-00 00:00:00','0000-00-00 00:00:00'),(109,'home',NULL,'10.1.1.110','Google Chrome','Windows 7','2012-03-01 15:05:05','0000-00-00 00:00:00','0000-00-00 00:00:00'),(110,'home',NULL,'10.1.1.110','Google Chrome','Windows 7','2012-03-01 15:05:50','0000-00-00 00:00:00','0000-00-00 00:00:00'),(111,'home',NULL,'10.1.1.110','Google Chrome','Windows 7','2012-03-01 15:05:51','0000-00-00 00:00:00','0000-00-00 00:00:00'),(112,'home',NULL,'10.1.1.110','Google Chrome','Windows 7','2012-03-01 15:05:51','0000-00-00 00:00:00','0000-00-00 00:00:00'),(113,'home',NULL,'10.1.1.110','Google Chrome','Windows 7','2012-03-01 15:05:52','0000-00-00 00:00:00','0000-00-00 00:00:00'),(114,'home',NULL,'10.1.1.110','Google Chrome','Windows 7','2012-03-01 15:05:52','0000-00-00 00:00:00','0000-00-00 00:00:00'),(115,'home',NULL,'10.1.1.110','Google Chrome','Windows 7','2012-03-01 15:05:52','0000-00-00 00:00:00','0000-00-00 00:00:00'),(116,'home',NULL,'10.1.1.110','Google Chrome','Windows 7','2012-03-01 15:05:52','0000-00-00 00:00:00','0000-00-00 00:00:00'),(117,'home',NULL,'10.1.1.110','Google Chrome','Windows 7','2012-03-01 15:05:58','0000-00-00 00:00:00','0000-00-00 00:00:00'),(118,'home',NULL,'10.1.1.110','Google Chrome','Windows 7','2012-03-01 15:05:59','0000-00-00 00:00:00','0000-00-00 00:00:00'),(119,'home',NULL,'10.1.1.110','Google Chrome','Windows 7','2012-03-01 15:05:59','0000-00-00 00:00:00','0000-00-00 00:00:00'),(120,'home',NULL,'10.1.1.110','Google Chrome','Windows 7','2012-03-01 15:06:00','0000-00-00 00:00:00','0000-00-00 00:00:00'),(121,'home',NULL,'10.1.1.110','Google Chrome','Windows 7','2012-03-01 15:06:01','0000-00-00 00:00:00','0000-00-00 00:00:00'),(122,'home',NULL,'10.1.1.110','Google Chrome','Windows 7','2012-03-01 15:06:26','0000-00-00 00:00:00','0000-00-00 00:00:00'),(123,'home',NULL,'10.1.1.110','Google Chrome','Windows 7','2012-03-01 15:06:27','0000-00-00 00:00:00','0000-00-00 00:00:00'),(124,'home',NULL,'10.1.1.110','Google Chrome','Windows 7','2012-03-01 15:06:28','0000-00-00 00:00:00','0000-00-00 00:00:00'),(125,'home',NULL,'10.1.1.110','Google Chrome','Windows 7','2012-03-01 15:06:28','0000-00-00 00:00:00','0000-00-00 00:00:00'),(126,'home',NULL,'10.1.1.110','Google Chrome','Windows 7','2012-03-01 15:06:39','0000-00-00 00:00:00','0000-00-00 00:00:00'),(127,'home',NULL,'10.1.1.110','Google Chrome','Windows 7','2012-03-01 15:06:56','0000-00-00 00:00:00','0000-00-00 00:00:00'),(128,'home',NULL,'10.1.1.110','Google Chrome','Windows 7','2012-03-01 15:08:01','0000-00-00 00:00:00','0000-00-00 00:00:00'),(129,'imoveis',NULL,'10.1.1.110','Google Chrome','Windows 7','2012-03-01 15:08:02','0000-00-00 00:00:00','0000-00-00 00:00:00'),(130,'imoveis',NULL,'10.1.1.110','Google Chrome','Windows 7','2012-03-01 15:08:34','0000-00-00 00:00:00','0000-00-00 00:00:00'),(131,'imoveis',NULL,'10.1.1.110','Google Chrome','Windows 7','2012-03-01 15:08:57','0000-00-00 00:00:00','0000-00-00 00:00:00'),(132,'imoveis',NULL,'10.1.1.110','Google Chrome','Windows 7','2012-03-01 15:09:38','0000-00-00 00:00:00','0000-00-00 00:00:00'),(133,'imoveis',NULL,'10.1.1.110','Google Chrome','Windows 7','2012-03-01 15:10:51','0000-00-00 00:00:00','0000-00-00 00:00:00'),(134,'imoveis',NULL,'10.1.1.110','Google Chrome','Windows 7','2012-03-01 15:11:47','0000-00-00 00:00:00','0000-00-00 00:00:00'),(135,'imoveis',NULL,'10.1.1.110','Google Chrome','Windows 7','2012-03-01 15:11:54','0000-00-00 00:00:00','0000-00-00 00:00:00'),(136,'imoveis',NULL,'10.1.1.110','Google Chrome','Windows 7','2012-03-01 15:11:59','0000-00-00 00:00:00','0000-00-00 00:00:00'),(137,'imoveis',NULL,'10.1.1.110','Google Chrome','Windows 7','2012-03-01 15:12:22','0000-00-00 00:00:00','0000-00-00 00:00:00'),(138,'imoveis',NULL,'10.1.1.110','Google Chrome','Windows 7','2012-03-01 15:14:30','0000-00-00 00:00:00','0000-00-00 00:00:00'),(139,'imoveis',NULL,'10.1.1.110','Google Chrome','Windows 7','2012-03-01 15:14:59','0000-00-00 00:00:00','0000-00-00 00:00:00'),(140,'imoveis',NULL,'10.1.1.110','Google Chrome','Windows 7','2012-03-01 17:20:04','0000-00-00 00:00:00','0000-00-00 00:00:00'),(141,'contato',NULL,'10.1.1.110','Google Chrome','Windows 7','2012-03-01 17:20:15','0000-00-00 00:00:00','0000-00-00 00:00:00'),(142,'quem-somos-noses',NULL,'10.1.1.110','Google Chrome','Windows 7','2012-03-01 17:20:22','0000-00-00 00:00:00','0000-00-00 00:00:00'),(143,'contato',NULL,'10.1.1.110','Google Chrome','Windows 7','2012-03-01 17:20:24','0000-00-00 00:00:00','0000-00-00 00:00:00'),(144,'abc',NULL,'10.1.1.110','Google Chrome','Windows 7','2012-03-01 17:20:26','0000-00-00 00:00:00','0000-00-00 00:00:00'),(145,'imoveis',NULL,'10.1.1.110','Google Chrome','Windows 7','2012-03-01 17:20:26','0000-00-00 00:00:00','0000-00-00 00:00:00'),(146,'home',NULL,'10.1.1.110','Google Chrome','Windows 7','2012-03-01 17:20:28','0000-00-00 00:00:00','0000-00-00 00:00:00'),(147,'quem-somos-noses',NULL,'10.1.1.110','Google Chrome','Windows 7','2012-03-01 17:20:30','0000-00-00 00:00:00','0000-00-00 00:00:00'),(152,'imoveis',NULL,'10.1.1.110','Google Chrome','Windows 7','2012-03-01 17:27:33','0000-00-00 00:00:00','0000-00-00 00:00:00'),(153,'imoveis',NULL,'10.1.1.110','Google Chrome','Windows 7','2012-03-01 17:27:50','0000-00-00 00:00:00','0000-00-00 00:00:00'),(154,'home',NULL,'10.1.1.110','Google Chrome','Windows 7','2012-03-01 17:30:02','0000-00-00 00:00:00','0000-00-00 00:00:00'),(155,'home',NULL,'10.1.1.110','Google Chrome','Windows 7','2012-03-01 17:33:11','0000-00-00 00:00:00','0000-00-00 00:00:00'),(159,'imoveis',NULL,'10.1.1.110','Google Chrome','Windows 7','2012-03-01 17:33:32','0000-00-00 00:00:00','0000-00-00 00:00:00'),(161,'contato',NULL,'10.1.1.110','Google Chrome','Windows 7','2012-03-01 17:33:34','0000-00-00 00:00:00','0000-00-00 00:00:00'),(162,'home',NULL,'10.1.1.110','Google Chrome','Windows 7','2012-03-01 17:33:35','0000-00-00 00:00:00','0000-00-00 00:00:00'),(165,'imoveis',NULL,'10.1.1.110','Google Chrome','Windows 7','2012-03-01 17:34:12','0000-00-00 00:00:00','0000-00-00 00:00:00'),(166,'imoveis',2,'10.1.1.110','Google Chrome','Windows 7','2012-03-01 17:35:00','0000-00-00 00:00:00','0000-00-00 00:00:00'),(167,'imoveis',NULL,'10.1.1.110','Google Chrome','Windows 7','2012-03-01 17:35:23','0000-00-00 00:00:00','0000-00-00 00:00:00'),(168,'imoveis',NULL,'10.1.1.110','Google Chrome','Windows 7','2012-03-01 17:36:29','0000-00-00 00:00:00','0000-00-00 00:00:00'),(169,'imoveis',NULL,'10.1.1.110','Google Chrome','Windows 7','2012-03-01 17:47:14','0000-00-00 00:00:00','0000-00-00 00:00:00'),(170,'imoveis',NULL,'10.1.1.110','Google Chrome','Windows 7','2012-03-01 17:47:39','0000-00-00 00:00:00','0000-00-00 00:00:00'),(171,'imoveis',NULL,'10.1.1.110','Google Chrome','Windows 7','2012-03-01 17:52:25','0000-00-00 00:00:00','0000-00-00 00:00:00'),(172,'imoveis',NULL,'10.1.1.110','Google Chrome','Windows 7','2012-03-01 17:54:08','0000-00-00 00:00:00','0000-00-00 00:00:00'),(173,'imoveis',NULL,'10.1.1.110','Google Chrome','Windows 7','2012-03-01 17:54:20','0000-00-00 00:00:00','0000-00-00 00:00:00'),(174,'imoveis',NULL,'10.1.1.110','Google Chrome','Windows 7','2012-03-01 17:54:29','0000-00-00 00:00:00','0000-00-00 00:00:00'),(175,'imoveis',6,'10.1.1.110','Google Chrome','Windows 7','2012-03-01 18:06:22','0000-00-00 00:00:00','0000-00-00 00:00:00'),(176,'imoveis',6,'10.1.1.110','Google Chrome','Windows 7','2012-03-01 18:06:32','0000-00-00 00:00:00','0000-00-00 00:00:00'),(177,'imoveis',6,'10.1.1.110','Google Chrome','Windows 7','2012-03-01 18:06:43','0000-00-00 00:00:00','0000-00-00 00:00:00'),(178,'imoveis',6,'10.1.1.110','Google Chrome','Windows 7','2012-03-01 18:08:26','0000-00-00 00:00:00','0000-00-00 00:00:00'),(179,'imoveis',6,'10.1.1.110','Google Chrome','Windows 7','2012-03-01 18:09:10','0000-00-00 00:00:00','0000-00-00 00:00:00'),(180,'imoveis',NULL,'10.1.1.110','Google Chrome','Windows 7','2012-03-01 18:09:14','0000-00-00 00:00:00','0000-00-00 00:00:00'),(181,'imoveis',2,'10.1.1.110','Google Chrome','Windows 7','2012-03-01 18:09:15','0000-00-00 00:00:00','0000-00-00 00:00:00'),(182,'imoveis',NULL,'10.1.1.110','Google Chrome','Windows 7','2012-03-01 18:09:20','0000-00-00 00:00:00','0000-00-00 00:00:00'),(183,'imoveis',7,'10.1.1.110','Google Chrome','Windows 7','2012-03-01 18:09:21','0000-00-00 00:00:00','0000-00-00 00:00:00'),(184,'imoveis',7,'10.1.1.110','Google Chrome','Windows 7','2012-03-01 18:11:00','0000-00-00 00:00:00','0000-00-00 00:00:00'),(185,'imoveis',NULL,'10.1.1.110','Google Chrome','Windows 7','2012-03-01 18:11:02','0000-00-00 00:00:00','0000-00-00 00:00:00'),(188,'contato',NULL,'10.1.1.110','Google Chrome','Windows 7','2012-03-01 18:13:43','0000-00-00 00:00:00','0000-00-00 00:00:00'),(191,'imoveis',NULL,'10.1.1.110','Google Chrome','Windows 7','2012-03-01 18:13:46','0000-00-00 00:00:00','0000-00-00 00:00:00'),(192,'home',NULL,'10.1.1.110','Google Chrome','Windows 7','2012-03-01 18:13:47','0000-00-00 00:00:00','0000-00-00 00:00:00'),(194,'contato',NULL,'10.1.1.110','Google Chrome','Windows 7','2012-03-01 18:13:48','0000-00-00 00:00:00','0000-00-00 00:00:00'),(195,'home',NULL,'10.1.1.110','Google Chrome','Windows 7','2012-03-01 18:39:21','0000-00-00 00:00:00','0000-00-00 00:00:00'),(196,'imoveis',NULL,'10.1.1.110','Google Chrome','Windows 7','2012-03-01 18:39:23','0000-00-00 00:00:00','0000-00-00 00:00:00'),(197,'imoveis',6,'10.1.1.110','Google Chrome','Windows 7','2012-03-01 18:39:24','0000-00-00 00:00:00','0000-00-00 00:00:00'),(198,'imoveis',NULL,'10.1.1.110','Google Chrome','Windows 7','2012-03-01 18:39:26','0000-00-00 00:00:00','0000-00-00 00:00:00'),(199,'imoveis',2,'10.1.1.110','Google Chrome','Windows 7','2012-03-01 18:39:27','0000-00-00 00:00:00','0000-00-00 00:00:00'),(200,'imoveis',NULL,'10.1.1.110','Google Chrome','Windows 7','2012-03-01 18:39:28','0000-00-00 00:00:00','0000-00-00 00:00:00'),(201,'imoveis',7,'10.1.1.110','Google Chrome','Windows 7','2012-03-01 18:39:29','0000-00-00 00:00:00','0000-00-00 00:00:00'),(202,'imoveis',7,'10.1.1.110','Google Chrome','Windows 7','2012-03-01 18:43:36','0000-00-00 00:00:00','0000-00-00 00:00:00'),(203,'home',NULL,'127.0.0.1','Google Chrome','Windows 7','2012-03-01 18:48:30','0000-00-00 00:00:00','0000-00-00 00:00:00'),(207,'home',NULL,'10.1.1.110','Google Chrome','Windows 7','2012-03-02 19:41:37','0000-00-00 00:00:00','0000-00-00 00:00:00'),(208,'home',NULL,'10.1.1.110','Google Chrome','Windows 7','2012-03-02 19:42:02','0000-00-00 00:00:00','0000-00-00 00:00:00'),(209,'quem-somos-noses',NULL,'10.1.1.110','Google Chrome','Windows 7','2012-03-02 19:42:03','0000-00-00 00:00:00','0000-00-00 00:00:00'),(210,'nova-pagina-de-teste',NULL,'10.1.1.110','Google Chrome','Windows 7','2012-03-02 19:42:06','0000-00-00 00:00:00','0000-00-00 00:00:00'),(211,'sobre',NULL,'10.1.1.110','Google Chrome','Windows 7','2012-03-02 19:42:11','0000-00-00 00:00:00','0000-00-00 00:00:00'),(212,'quem-somos-noses',NULL,'10.1.1.110','Google Chrome','Windows 7','2012-03-02 19:53:28','0000-00-00 00:00:00','0000-00-00 00:00:00'),(213,'nova-pagina-de-teste',NULL,'10.1.1.110','Google Chrome','Windows 7','2012-03-02 19:53:31','0000-00-00 00:00:00','0000-00-00 00:00:00'),(214,'sobre',NULL,'10.1.1.110','Google Chrome','Windows 7','2012-03-02 19:53:36','0000-00-00 00:00:00','0000-00-00 00:00:00'),(215,'quem-somos-noses',NULL,'10.1.1.110','Google Chrome','Windows 7','2012-03-02 19:53:45','0000-00-00 00:00:00','0000-00-00 00:00:00'),(216,'nova-pagina-de-teste',NULL,'10.1.1.110','Google Chrome','Windows 7','2012-03-02 19:53:46','0000-00-00 00:00:00','0000-00-00 00:00:00'),(217,'nova-pagina-de-teste',NULL,'10.1.1.110','Google Chrome','Windows 7','2012-03-02 20:33:33','0000-00-00 00:00:00','0000-00-00 00:00:00'),(218,'nova-pagina-de-teste',NULL,'10.1.1.110','Google Chrome','Windows 7','2012-03-02 20:33:56','0000-00-00 00:00:00','0000-00-00 00:00:00'),(219,'nova-pagina-de-teste',NULL,'10.1.1.110','Google Chrome','Windows 7','2012-03-02 21:12:34','0000-00-00 00:00:00','0000-00-00 00:00:00'),(220,'home',NULL,'10.1.1.110','Google Chrome','Windows 7','2012-03-06 12:45:05','0000-00-00 00:00:00','0000-00-00 00:00:00'),(221,'aeiou-aeiou-aeiou',NULL,'10.1.1.110','Google Chrome','Windows 7','2012-03-06 12:45:08','0000-00-00 00:00:00','0000-00-00 00:00:00'),(222,'quem-somos-noses',NULL,'10.1.1.110','Google Chrome','Windows 7','2012-03-06 12:45:09','0000-00-00 00:00:00','0000-00-00 00:00:00'),(223,'sobre',NULL,'10.1.1.110','Google Chrome','Windows 7','2012-03-06 12:45:10','0000-00-00 00:00:00','0000-00-00 00:00:00'),(224,'imoveis',NULL,'10.1.1.110','Google Chrome','Windows 7','2012-03-06 12:45:11','0000-00-00 00:00:00','0000-00-00 00:00:00'),(225,'home',NULL,'10.1.1.110','Google Chrome','Windows 7','2012-03-06 12:48:33','0000-00-00 00:00:00','0000-00-00 00:00:00'),(226,'contato',NULL,'10.1.1.110','Google Chrome','Windows 7','2012-03-06 12:48:35','0000-00-00 00:00:00','0000-00-00 00:00:00'),(227,'home',NULL,'10.1.1.110','Google Chrome','Windows 7','2012-03-06 12:50:37','0000-00-00 00:00:00','0000-00-00 00:00:00'),(228,'nova-pagina-de-teste',NULL,'10.1.1.110','Google Chrome','Windows 7','2012-03-06 12:54:49','0000-00-00 00:00:00','0000-00-00 00:00:00'),(229,'nova-pagina-de-teste',NULL,'10.1.1.110','Google Chrome','Windows 7','2012-03-06 12:54:51','0000-00-00 00:00:00','0000-00-00 00:00:00'),(230,'home',NULL,'10.1.1.110','Google Chrome','Windows 7','2012-03-06 12:56:40','0000-00-00 00:00:00','0000-00-00 00:00:00'),(231,'aeiou-aeiou-aeiou',NULL,'10.1.1.110','Google Chrome','Windows 7','2012-03-06 12:56:42','0000-00-00 00:00:00','0000-00-00 00:00:00'),(232,'quem-somos-noses',NULL,'10.1.1.110','Google Chrome','Windows 7','2012-03-06 12:56:43','0000-00-00 00:00:00','0000-00-00 00:00:00'),(233,'nova-pagina-de-teste',NULL,'10.1.1.110','Google Chrome','Windows 7','2012-03-06 12:56:43','0000-00-00 00:00:00','0000-00-00 00:00:00'),(234,'nova-pagina-de-teste',NULL,'10.1.1.110','Google Chrome','Windows 7','2012-03-06 12:56:46','0000-00-00 00:00:00','0000-00-00 00:00:00'),(235,'quem-somos-noses',NULL,'10.1.1.110','Google Chrome','Windows 7','2012-03-06 12:56:46','0000-00-00 00:00:00','0000-00-00 00:00:00'),(236,'home',NULL,'10.1.1.110','Google Chrome','Windows 7','2012-03-06 12:58:08','0000-00-00 00:00:00','0000-00-00 00:00:00'),(237,'imoveis',NULL,'10.1.1.110','Google Chrome','Windows 7','2012-03-06 12:58:12','0000-00-00 00:00:00','0000-00-00 00:00:00'),(238,'imoveis',7,'10.1.1.110','Google Chrome','Windows 7','2012-03-06 12:58:14','0000-00-00 00:00:00','0000-00-00 00:00:00'),(239,'imoveis',6,'10.1.1.110','Google Chrome','Windows 7','2012-03-06 12:58:18','0000-00-00 00:00:00','0000-00-00 00:00:00'),(240,'imoveis',7,'10.1.1.110','Google Chrome','Windows 7','2012-03-06 12:58:21','0000-00-00 00:00:00','0000-00-00 00:00:00'),(241,'imoveis',2,'10.1.1.110','Google Chrome','Windows 7','2012-03-06 12:58:32','0000-00-00 00:00:00','0000-00-00 00:00:00'),(243,'home',NULL,'10.1.1.110','Google Chrome','Windows 7','2012-03-06 13:07:22','0000-00-00 00:00:00','0000-00-00 00:00:00'),(244,'home',NULL,'10.1.1.110','Google Chrome','Windows 7','2012-03-06 13:07:41','0000-00-00 00:00:00','0000-00-00 00:00:00'),(245,'home',NULL,'10.1.1.110','Google Chrome','Windows 7','2012-03-06 13:08:39','0000-00-00 00:00:00','0000-00-00 00:00:00'),(246,'imoveis',7,'10.1.1.110','Google Chrome','Windows 7','2012-03-06 13:09:58','0000-00-00 00:00:00','0000-00-00 00:00:00'),(247,'home',NULL,'127.0.0.1','Google Chrome','Windows 7','2012-03-06 16:29:56','0000-00-00 00:00:00','0000-00-00 00:00:00'),(248,'home',NULL,'10.1.1.110','Google Chrome','Windows 7','2012-03-06 17:33:58','0000-00-00 00:00:00','0000-00-00 00:00:00'),(249,'nova-pagina-de-teste',NULL,'10.1.1.110','Google Chrome','Windows 7','2012-03-06 17:34:00','0000-00-00 00:00:00','0000-00-00 00:00:00'),(250,'aeiou-aeiou-aeiou',NULL,'10.1.1.110','Google Chrome','Windows 7','2012-03-06 17:34:03','0000-00-00 00:00:00','0000-00-00 00:00:00'),(251,'imoveis',NULL,'10.1.1.110','Google Chrome','Windows 7','2012-03-06 17:35:12','0000-00-00 00:00:00','0000-00-00 00:00:00'),(252,'imoveis',2,'10.1.1.110','Google Chrome','Windows 7','2012-03-06 17:35:28','0000-00-00 00:00:00','0000-00-00 00:00:00'),(253,'imoveis',2,'10.1.1.110','Google Chrome','Windows 7','2012-03-06 17:38:21','0000-00-00 00:00:00','0000-00-00 00:00:00'),(254,'home',NULL,'10.1.1.110','Google Chrome','Windows 7','2012-03-07 13:18:28','0000-00-00 00:00:00','0000-00-00 00:00:00'),(255,'home',NULL,'127.0.0.1','Google Chrome','Windows 7','2012-03-07 14:17:29','0000-00-00 00:00:00','0000-00-00 00:00:00'),(256,'contato',NULL,'127.0.0.1','Google Chrome','Windows 7','2012-03-07 14:17:56','0000-00-00 00:00:00','0000-00-00 00:00:00'),(257,'contato',NULL,'127.0.0.1','Google Chrome','Windows 7','2012-03-07 14:17:58','0000-00-00 00:00:00','0000-00-00 00:00:00'),(258,'home',NULL,'10.1.1.110','Google Chrome','Windows 7','2012-03-07 20:22:24','0000-00-00 00:00:00','0000-00-00 00:00:00'),(259,'home',NULL,'127.0.0.1','Google Chrome','Windows 7','2012-03-07 23:43:07','0000-00-00 00:00:00','0000-00-00 00:00:00'),(260,'home',NULL,'127.0.0.1','Google Chrome','Windows 7','2012-03-07 23:44:15','0000-00-00 00:00:00','0000-00-00 00:00:00'),(261,'home',NULL,'127.0.0.1','Google Chrome','Windows 7','2012-03-07 23:47:30','0000-00-00 00:00:00','0000-00-00 00:00:00'),(262,'home',NULL,'127.0.0.1','Google Chrome','Windows 7','2012-03-07 23:49:46','0000-00-00 00:00:00','0000-00-00 00:00:00'),(263,'home',NULL,'127.0.0.1','Google Chrome','Windows 7','2012-03-07 23:50:16','0000-00-00 00:00:00','0000-00-00 00:00:00'),(264,'home',NULL,'127.0.0.1','Google Chrome','Windows 7','2012-03-07 23:51:04','0000-00-00 00:00:00','0000-00-00 00:00:00'),(265,'home',NULL,'127.0.0.1','Google Chrome','Windows 7','2012-03-07 23:51:22','0000-00-00 00:00:00','0000-00-00 00:00:00'),(266,'home',NULL,'127.0.0.1','Google Chrome','Windows 7','2012-03-07 23:52:01','0000-00-00 00:00:00','0000-00-00 00:00:00'),(267,'home',NULL,'127.0.0.1','Google Chrome','Windows 7','2012-03-07 23:53:31','0000-00-00 00:00:00','0000-00-00 00:00:00'),(268,'home',NULL,'127.0.0.1','Google Chrome','Windows 7','2012-03-07 23:53:46','0000-00-00 00:00:00','0000-00-00 00:00:00'),(269,'home',NULL,'127.0.0.1','Google Chrome','Windows 7','2012-03-07 23:54:27','0000-00-00 00:00:00','0000-00-00 00:00:00'),(270,'home',NULL,'127.0.0.1','Google Chrome','Windows 7','2012-03-07 23:55:15','0000-00-00 00:00:00','0000-00-00 00:00:00'),(271,'home',NULL,'127.0.0.1','Google Chrome','Windows 7','2012-03-08 00:22:59','0000-00-00 00:00:00','0000-00-00 00:00:00'),(272,'home',NULL,'127.0.0.1','Google Chrome','Windows 7','2012-03-08 00:23:05','0000-00-00 00:00:00','0000-00-00 00:00:00'),(273,'home',NULL,'127.0.0.1','Google Chrome','Windows 7','2012-03-08 00:23:08','0000-00-00 00:00:00','0000-00-00 00:00:00'),(274,'home',NULL,'127.0.0.1','Google Chrome','Windows 7','2012-03-08 00:23:41','0000-00-00 00:00:00','0000-00-00 00:00:00'),(275,'home',NULL,'127.0.0.1','Google Chrome','Windows 7','2012-03-08 00:23:45','0000-00-00 00:00:00','0000-00-00 00:00:00'),(276,'home',NULL,'127.0.0.1','Google Chrome','Windows 7','2012-03-08 18:53:39','0000-00-00 00:00:00','0000-00-00 00:00:00'),(277,'home',NULL,'10.1.1.110','Google Chrome','Windows 7','2012-03-08 19:25:15','0000-00-00 00:00:00','0000-00-00 00:00:00'),(278,'contact',NULL,'10.1.1.110','Google Chrome','Windows 7','2012-03-08 19:25:24','0000-00-00 00:00:00','0000-00-00 00:00:00'),(279,'quem-somos-noses',NULL,'10.1.1.110','Google Chrome','Windows 7','2012-03-08 19:25:31','0000-00-00 00:00:00','0000-00-00 00:00:00'),(280,'contato',NULL,'10.1.1.110','Google Chrome','Windows 7','2012-03-08 20:22:35','0000-00-00 00:00:00','0000-00-00 00:00:00'),(281,'contato',NULL,'10.1.1.110','Google Chrome','Windows 7','2012-03-08 20:22:41','0000-00-00 00:00:00','0000-00-00 00:00:00'),(282,'contato',NULL,'10.1.1.110','Google Chrome','Windows 7','2012-03-08 20:23:42','0000-00-00 00:00:00','0000-00-00 00:00:00'),(283,'contato',NULL,'10.1.1.110','Google Chrome','Windows 7','2012-03-08 20:23:54','0000-00-00 00:00:00','0000-00-00 00:00:00'),(284,'contato',NULL,'10.1.1.110','Google Chrome','Windows 7','2012-03-08 20:32:51','0000-00-00 00:00:00','0000-00-00 00:00:00'),(285,'home',NULL,'10.1.1.110','Google Chrome','Windows 7','2012-03-08 21:04:26','0000-00-00 00:00:00','0000-00-00 00:00:00'),(286,'home',NULL,'10.1.1.110','Google Chrome','Windows 7','2012-03-08 21:05:10','0000-00-00 00:00:00','0000-00-00 00:00:00'),(287,'home',NULL,'10.1.1.110','Google Chrome','Windows 7','2012-03-08 21:13:23','0000-00-00 00:00:00','0000-00-00 00:00:00'),(288,'home',NULL,'10.1.1.110','Google Chrome','Windows 7','2012-03-08 21:14:59','0000-00-00 00:00:00','0000-00-00 00:00:00'),(289,'home',NULL,'10.1.1.110','Google Chrome','Windows 7','2012-03-08 21:22:55','0000-00-00 00:00:00','0000-00-00 00:00:00'),(290,'contato',NULL,'10.1.1.110','Google Chrome','Windows 7','2012-03-08 21:25:20','0000-00-00 00:00:00','0000-00-00 00:00:00'),(291,'contato',NULL,'10.1.1.110','Google Chrome','Windows 7','2012-03-08 21:25:22','0000-00-00 00:00:00','0000-00-00 00:00:00'),(292,'contato',NULL,'10.1.1.110','Google Chrome','Windows 7','2012-03-08 21:25:23','0000-00-00 00:00:00','0000-00-00 00:00:00'),(293,'contato',NULL,'10.1.1.110','Google Chrome','Windows 7','2012-03-08 21:25:23','0000-00-00 00:00:00','0000-00-00 00:00:00'),(294,'contato',NULL,'10.1.1.110','Google Chrome','Windows 7','2012-03-08 21:26:00','0000-00-00 00:00:00','0000-00-00 00:00:00'),(295,'contato',NULL,'10.1.1.110','Google Chrome','Windows 7','2012-03-08 21:28:48','0000-00-00 00:00:00','0000-00-00 00:00:00'),(296,'contato',NULL,'10.1.1.110','Google Chrome','Windows 7','2012-03-08 21:29:15','0000-00-00 00:00:00','0000-00-00 00:00:00'),(297,'contato',NULL,'10.1.1.110','Google Chrome','Windows 7','2012-03-08 21:29:27','0000-00-00 00:00:00','0000-00-00 00:00:00'),(298,'contato',NULL,'10.1.1.110','Google Chrome','Windows 7','2012-03-08 21:30:23','0000-00-00 00:00:00','0000-00-00 00:00:00'),(299,'contato',0,'10.1.1.110','Google Chrome','Windows 7','2012-03-08 21:32:15','0000-00-00 00:00:00','0000-00-00 00:00:00'),(300,'contato',NULL,'10.1.1.110','Google Chrome','Windows 7','2012-03-08 21:36:07','0000-00-00 00:00:00','0000-00-00 00:00:00'),(301,'contato',0,'10.1.1.110','Google Chrome','Windows 7','2012-03-08 21:36:24','0000-00-00 00:00:00','0000-00-00 00:00:00'),(302,'contato',0,'10.1.1.110','Google Chrome','Windows 7','2012-03-08 21:36:44','0000-00-00 00:00:00','0000-00-00 00:00:00'),(303,'contato',0,'10.1.1.110','Google Chrome','Windows 7','2012-03-08 21:36:54','0000-00-00 00:00:00','0000-00-00 00:00:00'),(304,'home',NULL,'10.1.1.110','Google Chrome','Windows 7','2012-03-09 14:19:51','0000-00-00 00:00:00','0000-00-00 00:00:00'),(305,'aeiou-aeiou-aeiou',NULL,'10.1.1.110','Google Chrome','Windows 7','2012-03-09 14:19:54','0000-00-00 00:00:00','0000-00-00 00:00:00'),(306,'quem-somos-noses',NULL,'10.1.1.110','Google Chrome','Windows 7','2012-03-09 14:20:03','0000-00-00 00:00:00','0000-00-00 00:00:00'),(307,'quem-somos-noses',NULL,'10.1.1.110','Google Chrome','Windows 7','2012-03-09 14:20:33','0000-00-00 00:00:00','0000-00-00 00:00:00'),(308,'nova-pagina-de-teste',NULL,'10.1.1.110','Google Chrome','Windows 7','2012-03-09 14:20:36','0000-00-00 00:00:00','0000-00-00 00:00:00'),(309,'nova-pagina-de-teste',NULL,'10.1.1.110','Google Chrome','Windows 7','2012-03-09 14:22:01','0000-00-00 00:00:00','0000-00-00 00:00:00'),(310,'nova-pagina-de-teste',NULL,'10.1.1.110','Google Chrome','Windows 7','2012-03-09 14:22:19','0000-00-00 00:00:00','0000-00-00 00:00:00'),(311,'nova-pagina-de-teste',NULL,'10.1.1.110','Google Chrome','Windows 7','2012-03-09 14:27:51','0000-00-00 00:00:00','0000-00-00 00:00:00'),(312,'nova-pagina-de-teste',NULL,'10.1.1.110','Google Chrome','Windows 7','2012-03-09 14:27:53','0000-00-00 00:00:00','0000-00-00 00:00:00'),(313,'nova-pagina-de-teste',NULL,'10.1.1.110','Google Chrome','Windows 7','2012-03-09 14:27:54','0000-00-00 00:00:00','0000-00-00 00:00:00'),(314,'nova-pagina-de-teste',NULL,'10.1.1.110','Google Chrome','Windows 7','2012-03-09 14:28:14','0000-00-00 00:00:00','0000-00-00 00:00:00'),(315,'nova-pagina-de-teste',NULL,'10.1.1.110','Google Chrome','Windows 7','2012-03-09 14:42:58','0000-00-00 00:00:00','0000-00-00 00:00:00'),(316,'nova-pagina-de-teste',NULL,'10.1.1.110','Google Chrome','Windows 7','2012-03-09 14:44:54','0000-00-00 00:00:00','0000-00-00 00:00:00'),(317,'sobre-2',NULL,'10.1.1.110','Google Chrome','Windows 7','2012-03-09 14:45:07','0000-00-00 00:00:00','0000-00-00 00:00:00'),(318,'quem-somos-noses',NULL,'10.1.1.110','Google Chrome','Windows 7','2012-03-09 14:45:09','0000-00-00 00:00:00','0000-00-00 00:00:00'),(319,'quem-somos-noses',NULL,'10.1.1.110','Google Chrome','Windows 7','2012-03-09 15:13:42','0000-00-00 00:00:00','0000-00-00 00:00:00'),(320,'quem-somos-noses',NULL,'10.1.1.110','Google Chrome','Windows 7','2012-03-09 15:14:17','0000-00-00 00:00:00','0000-00-00 00:00:00'),(321,'quem-somos-noses',NULL,'10.1.1.110','Google Chrome','Windows 7','2012-03-09 16:27:56','0000-00-00 00:00:00','0000-00-00 00:00:00'),(322,'filho-nova-pagina-teste',NULL,'10.1.1.110','Google Chrome','Windows 7','2012-03-09 16:28:04','0000-00-00 00:00:00','0000-00-00 00:00:00'),(323,'quem-somos-noses',NULL,'10.1.1.110','Google Chrome','Windows 7','2012-03-09 16:29:08','0000-00-00 00:00:00','0000-00-00 00:00:00'),(324,'quem-somos-noses',NULL,'10.1.1.110','Google Chrome','Windows 7','2012-03-09 16:29:10','0000-00-00 00:00:00','0000-00-00 00:00:00'),(325,'quem-somos-noses',NULL,'10.1.1.110','Google Chrome','Windows 7','2012-03-09 16:29:21','0000-00-00 00:00:00','0000-00-00 00:00:00'),(326,'imoveis',NULL,'10.1.1.110','Google Chrome','Windows 7','2012-03-09 16:29:32','0000-00-00 00:00:00','0000-00-00 00:00:00'),(327,'imoveis',7,'10.1.1.110','Google Chrome','Windows 7','2012-03-09 16:29:35','0000-00-00 00:00:00','0000-00-00 00:00:00'),(328,'imoveis',2,'10.1.1.110','Google Chrome','Windows 7','2012-03-09 16:29:39','0000-00-00 00:00:00','0000-00-00 00:00:00'),(329,'imoveis',6,'10.1.1.110','Google Chrome','Windows 7','2012-03-09 16:29:42','0000-00-00 00:00:00','0000-00-00 00:00:00'),(330,'imoveis',2,'10.1.1.110','Google Chrome','Windows 7','2012-03-09 16:29:45','0000-00-00 00:00:00','0000-00-00 00:00:00'),(331,'home',NULL,'127.0.0.1','Google Chrome','Windows 7','2012-03-09 16:57:15','0000-00-00 00:00:00','0000-00-00 00:00:00'),(332,'contato',NULL,'127.0.0.1','Google Chrome','Windows 7','2012-03-09 16:57:22','0000-00-00 00:00:00','0000-00-00 00:00:00'),(333,'contato',0,'127.0.0.1','Google Chrome','Windows 7','2012-03-09 16:57:29','0000-00-00 00:00:00','0000-00-00 00:00:00'),(334,'home',NULL,'10.1.1.110','Google Chrome','Windows 7','2012-03-09 17:05:39','0000-00-00 00:00:00','0000-00-00 00:00:00'),(335,'contato',NULL,'10.1.1.110','Google Chrome','Windows 7','2012-03-09 17:05:41','0000-00-00 00:00:00','0000-00-00 00:00:00'),(336,'home',NULL,'10.1.1.110','Google Chrome','Windows 7','2012-03-09 17:05:44','0000-00-00 00:00:00','0000-00-00 00:00:00'),(337,'contato',NULL,'10.1.1.110','Google Chrome','Windows 7','2012-03-09 17:05:51','0000-00-00 00:00:00','0000-00-00 00:00:00'),(338,'home',NULL,'10.1.1.110','Google Chrome','Windows 7','2012-03-09 17:05:53','0000-00-00 00:00:00','0000-00-00 00:00:00'),(339,'quem-somos-noses',NULL,'10.1.1.110','Google Chrome','Windows 7','2012-03-09 17:05:58','0000-00-00 00:00:00','0000-00-00 00:00:00'),(340,'Sobre',NULL,'10.1.1.110','Google Chrome','Windows 7','2012-03-09 17:05:59','0000-00-00 00:00:00','0000-00-00 00:00:00'),(341,'home',NULL,'10.1.1.110','Google Chrome','Windows 7','2012-03-09 17:05:59','0000-00-00 00:00:00','0000-00-00 00:00:00'),(342,'Sobre',NULL,'10.1.1.110','Google Chrome','Windows 7','2012-03-09 17:06:01','0000-00-00 00:00:00','0000-00-00 00:00:00'),(343,'filho-nova-pagina-teste',NULL,'10.1.1.110','Google Chrome','Windows 7','2012-03-09 17:06:01','0000-00-00 00:00:00','0000-00-00 00:00:00'),(344,'quem-somos-noses',NULL,'10.1.1.110','Google Chrome','Windows 7','2012-03-09 17:06:03','0000-00-00 00:00:00','0000-00-00 00:00:00'),(345,'quem-somos-noses',NULL,'10.1.1.110','Google Chrome','Windows 7','2012-03-09 17:07:02','0000-00-00 00:00:00','0000-00-00 00:00:00'),(346,'sobre',NULL,'10.1.1.110','Google Chrome','Windows 7','2012-03-09 17:07:06','0000-00-00 00:00:00','0000-00-00 00:00:00'),(347,'quem-somos-noses',NULL,'10.1.1.110','Google Chrome','Windows 7','2012-03-09 17:07:08','0000-00-00 00:00:00','0000-00-00 00:00:00'),(348,'sobre-2',NULL,'10.1.1.110','Google Chrome','Windows 7','2012-03-09 17:07:09','0000-00-00 00:00:00','0000-00-00 00:00:00'),(349,'filho-nova-pagina-teste',NULL,'10.1.1.110','Google Chrome','Windows 7','2012-03-09 17:07:10','0000-00-00 00:00:00','0000-00-00 00:00:00'),(350,'sobre',NULL,'10.1.1.110','Google Chrome','Windows 7','2012-03-09 17:07:10','0000-00-00 00:00:00','0000-00-00 00:00:00'),(351,'contato',NULL,'10.1.1.110','Google Chrome','Windows 7','2012-03-09 17:07:12','0000-00-00 00:00:00','0000-00-00 00:00:00'),(352,'contato',NULL,'10.1.1.110','Google Chrome','Windows 7','2012-03-09 17:12:31','0000-00-00 00:00:00','0000-00-00 00:00:00'),(353,'home',NULL,'10.1.1.110','Google Chrome','Windows 7','2012-03-09 17:12:37','0000-00-00 00:00:00','0000-00-00 00:00:00'),(354,'home',NULL,'127.0.0.1','Google Chrome','Windows 7','2012-03-09 17:41:51','0000-00-00 00:00:00','0000-00-00 00:00:00'),(355,'imoveis',NULL,'127.0.0.1','Google Chrome','Windows 7','2012-03-09 17:41:56','0000-00-00 00:00:00','0000-00-00 00:00:00'),(356,'imoveis',7,'127.0.0.1','Google Chrome','Windows 7','2012-03-09 17:42:00','0000-00-00 00:00:00','0000-00-00 00:00:00'),(357,'home',NULL,'177.18.37.30','Google Chrome','Windows 7','2012-03-09 23:13:16','0000-00-00 00:00:00','0000-00-00 00:00:00'),(358,'home',NULL,'177.18.37.30','Google Chrome','Windows 7','2012-03-09 23:18:06','0000-00-00 00:00:00','0000-00-00 00:00:00'),(359,'imoveis',NULL,'177.18.37.30','Google Chrome','Windows 7','2012-03-09 23:18:10','0000-00-00 00:00:00','0000-00-00 00:00:00'),(360,'imoveis',2,'177.18.37.30','Google Chrome','Windows 7','2012-03-09 23:18:15','0000-00-00 00:00:00','0000-00-00 00:00:00'),(361,'home',NULL,'187.58.223.133','Google Chrome','Windows 7','2012-03-20 22:56:18','0000-00-00 00:00:00','0000-00-00 00:00:00'),(362,'home',NULL,'187.58.222.243','Google Chrome','Windows 7','2012-03-22 11:39:06','0000-00-00 00:00:00','0000-00-00 00:00:00'),(363,'home',NULL,'187.58.222.243','Google Chrome','Windows 7','2012-03-22 12:07:26','0000-00-00 00:00:00','0000-00-00 00:00:00'),(364,'imoveis',NULL,'187.58.222.243','Google Chrome','Windows 7','2012-03-22 12:11:40','0000-00-00 00:00:00','0000-00-00 00:00:00'),(365,'imoveis',2,'187.58.222.243','Google Chrome','Windows 7','2012-03-22 12:11:49','0000-00-00 00:00:00','0000-00-00 00:00:00'),(366,'home',NULL,'187.58.222.243','Google Chrome','Windows 7','2012-03-22 13:01:31','0000-00-00 00:00:00','0000-00-00 00:00:00'),(367,'home',NULL,'187.58.222.243','Google Chrome','Windows 7','2012-03-22 13:07:33','0000-00-00 00:00:00','0000-00-00 00:00:00'),(368,'imoveis',NULL,'187.58.222.243','Google Chrome','Windows 7','2012-03-22 13:08:12','0000-00-00 00:00:00','0000-00-00 00:00:00'),(369,'contato',NULL,'187.58.222.243','Google Chrome','Windows 7','2012-03-22 13:08:44','0000-00-00 00:00:00','0000-00-00 00:00:00'),(370,'contato',NULL,'187.58.222.243','Google Chrome','Windows 7','2012-03-22 13:08:49','0000-00-00 00:00:00','0000-00-00 00:00:00'),(371,'home',NULL,'187.58.223.72','Google Chrome','Windows 7','2012-03-22 23:29:08','0000-00-00 00:00:00','0000-00-00 00:00:00'),(372,'home',NULL,'187.58.223.72','Google Chrome','Windows 7','2012-03-22 23:29:59','0000-00-00 00:00:00','0000-00-00 00:00:00'),(373,'home',NULL,'187.58.223.72','Google Chrome','Windows 7','2012-03-23 03:03:48','0000-00-00 00:00:00','0000-00-00 00:00:00'),(374,'home',NULL,'187.58.223.72','Google Chrome','Windows 7','2012-03-23 03:05:01','0000-00-00 00:00:00','0000-00-00 00:00:00'),(375,'home',NULL,'187.58.223.72','Google Chrome','Windows 7','2012-03-23 05:00:21','0000-00-00 00:00:00','0000-00-00 00:00:00'),(376,'home',NULL,'187.58.223.72','Google Chrome','Windows 7','2012-03-23 05:33:53','0000-00-00 00:00:00','0000-00-00 00:00:00'),(377,'contato',NULL,'187.58.223.72','Google Chrome','Windows 7','2012-03-23 05:33:56','0000-00-00 00:00:00','0000-00-00 00:00:00'),(378,'contato',NULL,'187.58.223.72','Google Chrome','Windows 7','2012-03-23 05:34:00','0000-00-00 00:00:00','0000-00-00 00:00:00'),(379,'home',NULL,'187.58.223.72','Google Chrome','Windows 7','2012-03-23 05:34:42','0000-00-00 00:00:00','0000-00-00 00:00:00'),(380,'imoveis',NULL,'187.58.223.72','Google Chrome','Windows 7','2012-03-23 06:07:07','0000-00-00 00:00:00','0000-00-00 00:00:00'),(381,'imoveis',6,'187.58.223.72','Google Chrome','Windows 7','2012-03-23 06:07:12','0000-00-00 00:00:00','0000-00-00 00:00:00'),(382,'imoveis',NULL,'187.58.223.72','Google Chrome','Windows 7','2012-03-23 06:17:56','0000-00-00 00:00:00','0000-00-00 00:00:00'),(383,'imoveis',6,'187.58.223.72','Google Chrome','Windows 7','2012-03-23 06:19:11','0000-00-00 00:00:00','0000-00-00 00:00:00'),(384,'filho-nova-pagina-teste',NULL,'187.58.223.72','Google Chrome','Windows 7','2012-03-23 06:20:09','0000-00-00 00:00:00','0000-00-00 00:00:00'),(385,'imoveis',NULL,'187.58.223.72','Google Chrome','Windows 7','2012-03-23 06:20:13','0000-00-00 00:00:00','0000-00-00 00:00:00'),(386,'imoveis',2,'187.58.223.72','Google Chrome','Windows 7','2012-03-23 06:20:16','0000-00-00 00:00:00','0000-00-00 00:00:00'),(387,'imoveis',10,'187.58.223.72','Google Chrome','Windows 7','2012-03-23 06:21:14','0000-00-00 00:00:00','0000-00-00 00:00:00'),(388,'imoveis',10,'187.58.223.72','Google Chrome','Windows 7','2012-03-23 06:22:11','0000-00-00 00:00:00','0000-00-00 00:00:00'),(389,'imoveis',10,'187.58.223.72','Google Chrome','Windows 7','2012-03-23 06:22:13','0000-00-00 00:00:00','0000-00-00 00:00:00'),(390,'imoveis',NULL,'187.58.223.72','Google Chrome','Windows 7','2012-03-23 06:25:06','0000-00-00 00:00:00','0000-00-00 00:00:00'),(391,'imoveis',2,'187.58.223.72','Google Chrome','Windows 7','2012-03-23 06:28:04','0000-00-00 00:00:00','0000-00-00 00:00:00'),(392,'imoveis',NULL,'187.58.223.72','Google Chrome','Windows 7','2012-03-23 06:28:14','0000-00-00 00:00:00','0000-00-00 00:00:00'),(393,'imoveis',2,'187.58.223.72','Google Chrome','Windows 7','2012-03-23 06:28:17','0000-00-00 00:00:00','0000-00-00 00:00:00'),(394,'home',NULL,'201.47.255.74','Google Chrome','Windows 7','2012-03-23 12:10:07','0000-00-00 00:00:00','0000-00-00 00:00:00'),(395,'home',NULL,'177.18.86.99','Google Chrome','Windows 7','2012-03-25 19:35:17','0000-00-00 00:00:00','0000-00-00 00:00:00'),(396,'home',NULL,'177.18.86.99','Google Chrome','Windows 7','2012-03-25 19:36:23','0000-00-00 00:00:00','0000-00-00 00:00:00'),(397,'contato',NULL,'177.18.86.99','Google Chrome','Windows 7','2012-03-25 19:36:30','0000-00-00 00:00:00','0000-00-00 00:00:00'),(398,'quem-somos-noses',NULL,'177.18.86.99','Google Chrome','Windows 7','2012-03-25 19:36:33','0000-00-00 00:00:00','0000-00-00 00:00:00'),(399,'sobre-2',NULL,'177.18.86.99','Google Chrome','Windows 7','2012-03-25 19:36:35','0000-00-00 00:00:00','0000-00-00 00:00:00'),(400,'filho-nova-pagina-teste',NULL,'177.18.86.99','Google Chrome','Windows 7','2012-03-25 19:36:37','0000-00-00 00:00:00','0000-00-00 00:00:00'),(401,'nova-pagina-de-teste',NULL,'177.18.86.99','Google Chrome','Windows 7','2012-03-25 19:36:40','0000-00-00 00:00:00','0000-00-00 00:00:00'),(402,'home',NULL,'177.18.86.99','Google Chrome','Windows 7','2012-03-25 19:36:42','0000-00-00 00:00:00','0000-00-00 00:00:00'),(403,'home',NULL,'201.47.255.74','Google Chrome','Windows 7','2012-03-26 13:52:51','0000-00-00 00:00:00','0000-00-00 00:00:00'),(404,'home',NULL,'177.18.86.99','Google Chrome','Windows 7','2012-03-27 01:19:36','0000-00-00 00:00:00','0000-00-00 00:00:00');

/*Table structure for table `categories` */

DROP TABLE IF EXISTS `categories`;

CREATE TABLE `categories` (
  `id` bigint(20) unsigned NOT NULL AUTO_INCREMENT,
  `title` varchar(300) NOT NULL,
  `type` tinyint(1) NOT NULL DEFAULT '0',
  `created` datetime NOT NULL DEFAULT '0000-00-00 00:00:00',
  `updated` datetime NOT NULL DEFAULT '0000-00-00 00:00:00',
  `removed` datetime NOT NULL DEFAULT '0000-00-00 00:00:00',
  PRIMARY KEY (`id`)
) ENGINE=InnoDB AUTO_INCREMENT=7 DEFAULT CHARSET=latin1;

/*Data for the table `categories` */

insert  into `categories`(`id`,`title`,`type`,`created`,`updated`,`removed`) values (1,'Tipo',0,'2012-02-08 16:48:51','0000-00-00 00:00:00','0000-00-00 00:00:00'),(2,'Dormitrios',0,'2012-02-08 16:52:04','2012-02-09 16:57:23','0000-00-00 00:00:00'),(3,'Valor Mnimo',0,'2012-02-08 16:55:54','0000-00-00 00:00:00','2012-02-09 16:57:50'),(4,'Valor Mximo',0,'2012-02-08 16:58:30','0000-00-00 00:00:00','2012-02-09 16:57:48'),(5,'Garagem',0,'2012-02-08 18:05:28','0000-00-00 00:00:00','0000-00-00 00:00:00'),(6,'Outros',1,'2012-02-08 18:05:53','0000-00-00 00:00:00','0000-00-00 00:00:00');

/*Table structure for table `categories_items` */

DROP TABLE IF EXISTS `categories_items`;

CREATE TABLE `categories_items` (
  `id` bigint(20) unsigned NOT NULL AUTO_INCREMENT,
  `category_id` bigint(20) unsigned NOT NULL,
  `title` varchar(300) NOT NULL,
  `created` datetime NOT NULL DEFAULT '0000-00-00 00:00:00',
  `updated` datetime NOT NULL DEFAULT '0000-00-00 00:00:00',
  `removed` datetime NOT NULL DEFAULT '0000-00-00 00:00:00',
  PRIMARY KEY (`id`),
  KEY `FK_categories_items_categories` (`category_id`),
  CONSTRAINT `FK_categories_items_categories` FOREIGN KEY (`category_id`) REFERENCES `categories` (`id`)
) ENGINE=InnoDB AUTO_INCREMENT=37 DEFAULT CHARSET=latin1;

/*Data for the table `categories_items` */

insert  into `categories_items`(`id`,`category_id`,`title`,`created`,`updated`,`removed`) values (1,1,'Apartamento','2012-02-08 16:50:13','2012-03-01 13:34:29','2012-03-09 19:19:39'),(2,1,'Casa','2012-02-08 16:51:33','2012-03-01 13:34:29','2012-03-09 19:19:39'),(3,1,'JK/Kitnet','2012-02-08 16:51:33','2012-03-01 13:34:29','2012-03-09 19:19:39'),(4,1,'Terreno','2012-02-08 16:51:33','2012-03-01 13:34:29','2012-03-09 19:19:39'),(5,2,'1','2012-02-08 16:52:40','2012-02-09 16:57:23','0000-00-00 00:00:00'),(6,2,'2','2012-02-08 16:52:40','2012-02-09 16:57:23','0000-00-00 00:00:00'),(7,2,'3','2012-02-08 16:52:40','2012-02-09 16:57:23','0000-00-00 00:00:00'),(8,2,'4','2012-02-08 16:52:40','2012-02-09 16:57:23','0000-00-00 00:00:00'),(9,2,'5','2012-02-08 16:52:40','2012-02-09 16:57:23','0000-00-00 00:00:00'),(10,2,'6','2012-02-08 16:52:40','2012-02-09 16:57:23','0000-00-00 00:00:00'),(11,2,'+7','2012-02-08 16:52:40','2012-02-09 16:57:23','0000-00-00 00:00:00'),(12,3,'50.000,00','2012-02-08 16:58:12','2012-02-08 17:07:12','2012-02-09 16:57:50'),(13,3,'80.000,00','2012-02-08 16:58:12','2012-02-08 17:07:12','2012-02-09 16:57:50'),(14,3,'100.000,00','2012-02-08 16:58:12','2012-02-08 17:07:12','2012-02-09 16:57:50'),(15,3,'150.000,00','2012-02-08 16:58:12','2012-02-08 17:07:12','2012-02-09 16:57:50'),(16,3,'200.000,00','2012-02-08 16:58:12','2012-02-08 17:07:12','2012-02-09 16:57:50'),(17,3,'300.000,00','2012-02-08 16:58:12','2012-02-08 17:07:12','2012-02-09 16:57:50'),(18,3,'400.000,00','2012-02-08 16:58:12','2012-02-08 17:07:12','2012-02-09 16:57:50'),(19,3,'500.000,00','2012-02-08 16:58:12','2012-02-08 17:07:12','2012-02-09 16:57:50'),(20,3,'1.000.000,00','2012-02-08 16:59:47','2012-02-08 17:07:12','2012-02-09 16:57:50'),(21,4,'100.000,00','2012-02-08 17:00:34','0000-00-00 00:00:00','2012-02-09 16:57:48'),(22,4,'150.000,00','2012-02-08 17:00:34','0000-00-00 00:00:00','2012-02-09 16:57:48'),(23,4,'200.000,00','2012-02-08 17:00:34','0000-00-00 00:00:00','2012-02-09 16:57:48'),(24,4,'300.000,00','2012-02-08 17:00:34','0000-00-00 00:00:00','2012-02-09 16:57:48'),(25,4,'400.000,00','2012-02-08 17:00:34','0000-00-00 00:00:00','2012-02-09 16:57:48'),(26,4,'500.000,00','2012-02-08 17:00:34','0000-00-00 00:00:00','2012-02-09 16:57:48'),(27,4,'1.000.000,00','2012-02-08 17:00:34','0000-00-00 00:00:00','2012-02-09 16:57:48'),(28,4,'+1.000.000,00','2012-02-08 17:00:34','0000-00-00 00:00:00','2012-02-09 16:57:48'),(29,5,'1','2012-02-08 18:05:32','2012-02-08 18:05:43','0000-00-00 00:00:00'),(30,5,'2','2012-02-08 18:05:39','2012-02-08 18:05:43','0000-00-00 00:00:00'),(31,5,'3','2012-02-08 18:05:39','2012-02-08 18:05:44','0000-00-00 00:00:00'),(32,5,'+4','2012-02-08 18:05:39','2012-02-08 18:05:44','0000-00-00 00:00:00'),(33,6,'Churrasqueira','2012-02-08 18:06:46','0000-00-00 00:00:00','0000-00-00 00:00:00'),(34,6,'Piscina','2012-02-08 18:06:46','0000-00-00 00:00:00','0000-00-00 00:00:00'),(35,6,'Jardim','2012-02-08 18:06:46','0000-00-00 00:00:00','0000-00-00 00:00:00'),(36,1,'Galpo','2012-03-01 13:34:29','0000-00-00 00:00:00','2012-03-09 19:19:39');

/*Table structure for table `cities` */

DROP TABLE IF EXISTS `cities`;

CREATE TABLE `cities` (
  `id` bigint(20) unsigned NOT NULL AUTO_INCREMENT,
  `state_id` bigint(20) unsigned NOT NULL,
  `name` varchar(100) NOT NULL,
  `created` datetime NOT NULL DEFAULT '0000-00-00 00:00:00',
  `updated` datetime NOT NULL DEFAULT '0000-00-00 00:00:00',
  `removed` datetime NOT NULL DEFAULT '0000-00-00 00:00:00',
  PRIMARY KEY (`id`),
  KEY `FK_cities_states` (`state_id`),
  CONSTRAINT `FK_cities_states` FOREIGN KEY (`state_id`) REFERENCES `states` (`id`)
) ENGINE=InnoDB AUTO_INCREMENT=6 DEFAULT CHARSET=latin1;

/*Data for the table `cities` */

insert  into `cities`(`id`,`state_id`,`name`,`created`,`updated`,`removed`) values (1,2,'Florianpolis','0000-00-00 00:00:00','0000-00-00 00:00:00','0000-00-00 00:00:00'),(2,1,'Porto Alegre','0000-00-00 00:00:00','0000-00-00 00:00:00','0000-00-00 00:00:00'),(3,1,'Sapucaia','0000-00-00 00:00:00','0000-00-00 00:00:00','0000-00-00 00:00:00'),(4,1,'Esteio','0000-00-00 00:00:00','0000-00-00 00:00:00','0000-00-00 00:00:00'),(5,1,'Canoas','0000-00-00 00:00:00','0000-00-00 00:00:00','0000-00-00 00:00:00');

/*Table structure for table `configurations` */

DROP TABLE IF EXISTS `configurations`;

CREATE TABLE `configurations` (
  `id` bigint(20) unsigned NOT NULL AUTO_INCREMENT,
  `configuration_group_id` bigint(20) unsigned NOT NULL,
  `title` varchar(100) NOT NULL,
  `alias` varchar(100) DEFAULT NULL,
  `value` varchar(500) NOT NULL,
  `system` tinyint(1) NOT NULL DEFAULT '0',
  `created` datetime NOT NULL DEFAULT '0000-00-00 00:00:00',
  `updated` datetime NOT NULL DEFAULT '0000-00-00 00:00:00',
  `removed` datetime NOT NULL DEFAULT '0000-00-00 00:00:00',
  PRIMARY KEY (`id`),
  KEY `FK_configurations_configurations_groups` (`configuration_group_id`),
  CONSTRAINT `FK_configurations_configurations_groups` FOREIGN KEY (`configuration_group_id`) REFERENCES `configurations_groups` (`id`)
) ENGINE=InnoDB AUTO_INCREMENT=35 DEFAULT CHARSET=latin1;

/*Data for the table `configurations` */

insert  into `configurations`(`id`,`configuration_group_id`,`title`,`alias`,`value`,`system`,`created`,`updated`,`removed`) values (1,2,'title','Ttulo','Imobiliria Marcelo Luz',1,'0000-00-00 00:00:00','2012-03-22 13:07:29','0000-00-00 00:00:00'),(2,2,'description','Descrio','Descrio',1,'0000-00-00 00:00:00','0000-00-00 00:00:00','0000-00-00 00:00:00'),(3,2,'keywords','Palavras Chave','',1,'0000-00-00 00:00:00','0000-00-00 00:00:00','0000-00-00 00:00:00'),(4,2,'noreply','NoReply','noreply@combo.st',1,'0000-00-00 00:00:00','2012-03-22 12:16:48','0000-00-00 00:00:00'),(5,3,'telephone','Telefone','(51) 5151-5151',1,'0000-00-00 00:00:00','0000-00-00 00:00:00','0000-00-00 00:00:00'),(6,3,'telephone2','Telefone 2','(51) 5151-5151',0,'0000-00-00 00:00:00','0000-00-00 00:00:00','0000-00-00 00:00:00'),(7,3,'state','Estado','RS',1,'0000-00-00 00:00:00','0000-00-00 00:00:00','0000-00-00 00:00:00'),(8,3,'cidade','Cidade','Esteio',1,'0000-00-00 00:00:00','2012-03-22 12:18:25','0000-00-00 00:00:00'),(9,3,'neighborhood','Bairro','Centro',1,'0000-00-00 00:00:00','0000-00-00 00:00:00','0000-00-00 00:00:00'),(10,3,'rua','Rua','Av. Dom Pedro',1,'0000-00-00 00:00:00','2012-03-22 12:18:41','0000-00-00 00:00:00'),(11,3,'number','Nmero','123',1,'0000-00-00 00:00:00','0000-00-00 00:00:00','0000-00-00 00:00:00'),(12,3,'zip_code','CEP','93000-000',0,'0000-00-00 00:00:00','0000-00-00 00:00:00','0000-00-00 00:00:00'),(13,2,'email','E-mail','leo@combo.st',1,'0000-00-00 00:00:00','0000-00-00 00:00:00','0000-00-00 00:00:00'),(14,1,'facebook','Facebook','http://facebook.com/',0,'0000-00-00 00:00:00','0000-00-00 00:00:00','0000-00-00 00:00:00'),(15,1,'twitter','Twitter','http://twitter.com.br',0,'0000-00-00 00:00:00','0000-00-00 00:00:00','0000-00-00 00:00:00'),(18,1,'teste_titulo','teste Titulo','teste valor',0,'2012-03-08 18:42:31','0000-00-00 00:00:00','0000-00-00 00:00:00'),(19,3,'teste_titulo_endereco','Teste Ttulo \"Endereo\"','Meu Endereo',0,'2012-03-08 18:43:07','0000-00-00 00:00:00','0000-00-00 00:00:00'),(20,1,'teste','teste','teste',0,'2012-03-08 18:51:09','0000-00-00 00:00:00','2012-03-08 19:24:39'),(21,1,'teste','teste','teste',0,'2012-03-08 19:30:30','0000-00-00 00:00:00','0000-00-00 00:00:00'),(22,4,'nome','Nome','',1,'0000-00-00 00:00:00','0000-00-00 00:00:00','0000-00-00 00:00:00'),(23,4,'e_mail','E-mail','',1,'0000-00-00 00:00:00','2012-03-23 04:41:22','0000-00-00 00:00:00'),(24,4,'phone','Telefone','',1,'0000-00-00 00:00:00','0000-00-00 00:00:00','0000-00-00 00:00:00'),(25,4,'endereco','Endereo','',0,'2012-03-08 21:25:39','0000-00-00 00:00:00','0000-00-00 00:00:00'),(26,4,'numero','Nmero','',0,'2012-03-08 21:25:51','0000-00-00 00:00:00','0000-00-00 00:00:00'),(27,4,'complemento','Complemento','',0,'2012-03-08 21:25:57','0000-00-00 00:00:00','0000-00-00 00:00:00'),(28,2,'email_contact','Email de contato','leo@combo.st',1,'2012-03-08 21:25:57','2012-03-23 05:33:47','0000-00-00 00:00:00'),(29,2,'outdated_products','Imveis Desatualizados (dias)','15',1,'0000-00-00 00:00:00','0000-00-00 00:00:00','0000-00-00 00:00:00'),(34,2,'records_limit','Limite de Cadastros','5',2,'0000-00-00 00:00:00','0000-00-00 00:00:00','0000-00-00 00:00:00');

/*Table structure for table `configurations_groups` */

DROP TABLE IF EXISTS `configurations_groups`;

CREATE TABLE `configurations_groups` (
  `id` bigint(20) unsigned NOT NULL AUTO_INCREMENT,
  `title` varchar(100) NOT NULL,
  `alias` varchar(100) NOT NULL,
  `editable` tinyint(1) unsigned NOT NULL DEFAULT '0',
  `priority` tinyint(1) unsigned NOT NULL,
  PRIMARY KEY (`id`)
) ENGINE=InnoDB AUTO_INCREMENT=5 DEFAULT CHARSET=latin1;

/*Data for the table `configurations_groups` */

insert  into `configurations_groups`(`id`,`title`,`alias`,`editable`,`priority`) values (1,'social_network','Redes Sociais',1,1),(2,'system','Sistema',0,4),(3,'address','Endereo',1,3),(4,'contact_form','Formulrio de Contato',1,2);

/*Table structure for table `customers` */

DROP TABLE IF EXISTS `customers`;

CREATE TABLE `customers` (
  `id` bigint(20) unsigned NOT NULL AUTO_INCREMENT,
  `neighborhood_id` bigint(20) unsigned DEFAULT NULL,
  `name` varchar(300) NOT NULL,
  `cpf` varchar(14) NOT NULL,
  `rg` varchar(14) NOT NULL,
  `civil_status` tinyint(1) NOT NULL,
  `zip_code` varchar(9) DEFAULT NULL,
  `address` varchar(500) NOT NULL,
  `number` int(5) DEFAULT NULL,
  `complement` int(5) DEFAULT NULL,
  `email` varchar(300) NOT NULL,
  `cellphone` varchar(20) DEFAULT NULL,
  `phone` varchar(20) NOT NULL,
  `phone2` varchar(20) DEFAULT NULL,
  `created` datetime NOT NULL DEFAULT '0000-00-00 00:00:00',
  `updated` datetime NOT NULL DEFAULT '0000-00-00 00:00:00',
  `removed` datetime NOT NULL DEFAULT '0000-00-00 00:00:00',
  PRIMARY KEY (`id`)
) ENGINE=InnoDB AUTO_INCREMENT=5 DEFAULT CHARSET=latin1;

/*Data for the table `customers` */

insert  into `customers`(`id`,`neighborhood_id`,`name`,`cpf`,`rg`,`civil_status`,`zip_code`,`address`,`number`,`complement`,`email`,`cellphone`,`phone`,`phone2`,`created`,`updated`,`removed`) values (1,6,'Leonardo Leal','835.745.300-72','7076163951',0,'93265-190','Germano Hoendorff',123,258,'leo@combo.st','(21) 3213-1313','(51) 4063-8552','(12) 3132-3123','2012-02-08 17:04:24','2012-03-07 16:57:33','0000-00-00 00:00:00'),(2,0,'Morris Ruschel','','',0,'','Rua So Jernimo',290,0,'morris@combo.st','(23) 1231-2312','(12) 3231-2131','(23) 1231-2132','2012-03-01 12:46:55','2012-03-23 03:27:37','0000-00-00 00:00:00'),(3,NULL,'','','',0,NULL,'',0,0,'','','','','2012-03-01 20:39:09','0000-00-00 00:00:00','2012-03-01 20:47:59'),(4,NULL,'','','',0,NULL,'',0,0,'','','','','2012-03-06 17:24:50','0000-00-00 00:00:00','2012-03-06 19:49:52');

/*Table structure for table `neighborhoods` */

DROP TABLE IF EXISTS `neighborhoods`;

CREATE TABLE `neighborhoods` (
  `id` bigint(20) unsigned NOT NULL AUTO_INCREMENT,
  `city_id` bigint(20) unsigned NOT NULL,
  `name` varchar(100) NOT NULL,
  `created` datetime NOT NULL DEFAULT '0000-00-00 00:00:00',
  `updated` datetime NOT NULL DEFAULT '0000-00-00 00:00:00',
  `removed` datetime NOT NULL DEFAULT '0000-00-00 00:00:00',
  PRIMARY KEY (`id`),
  KEY `FK_neighborhoods_cities` (`city_id`),
  CONSTRAINT `FK_neighborhoods_cities` FOREIGN KEY (`city_id`) REFERENCES `cities` (`id`)
) ENGINE=InnoDB AUTO_INCREMENT=13 DEFAULT CHARSET=latin1;

/*Data for the table `neighborhoods` */

insert  into `neighborhoods`(`id`,`city_id`,`name`,`created`,`updated`,`removed`) values (1,1,'Centro','0000-00-00 00:00:00','0000-00-00 00:00:00','0000-00-00 00:00:00'),(2,2,'Centro','0000-00-00 00:00:00','0000-00-00 00:00:00','0000-00-00 00:00:00'),(3,2,'Cristal','0000-00-00 00:00:00','0000-00-00 00:00:00','0000-00-00 00:00:00'),(4,2,'Camaqua','0000-00-00 00:00:00','0000-00-00 00:00:00','0000-00-00 00:00:00'),(5,3,'Centro','0000-00-00 00:00:00','0000-00-00 00:00:00','0000-00-00 00:00:00'),(6,4,'Centro','0000-00-00 00:00:00','0000-00-00 00:00:00','0000-00-00 00:00:00'),(7,4,'So Jos','0000-00-00 00:00:00','0000-00-00 00:00:00','0000-00-00 00:00:00'),(8,4,'Vila Olmpica','0000-00-00 00:00:00','0000-00-00 00:00:00','0000-00-00 00:00:00'),(9,5,'Centro','0000-00-00 00:00:00','0000-00-00 00:00:00','0000-00-00 00:00:00'),(10,5,'Ftima','0000-00-00 00:00:00','0000-00-00 00:00:00','0000-00-00 00:00:00'),(11,5,'Rio Branco','0000-00-00 00:00:00','0000-00-00 00:00:00','0000-00-00 00:00:00'),(12,5,'Capo do Corvo','0000-00-00 00:00:00','0000-00-00 00:00:00','0000-00-00 00:00:00');

/*Table structure for table `operations` */

DROP TABLE IF EXISTS `operations`;

CREATE TABLE `operations` (
  `id` bigint(20) unsigned NOT NULL AUTO_INCREMENT,
  `product_id` bigint(20) unsigned NOT NULL,
  `customer_id` bigint(20) unsigned NOT NULL,
  `realtor_id` bigint(20) unsigned NOT NULL,
  `transaction_type` tinyint(1) unsigned NOT NULL DEFAULT '0',
  `value` decimal(10,2) unsigned NOT NULL DEFAULT '0.00',
  `date_start` date NOT NULL DEFAULT '0000-00-00',
  `date_end` date NOT NULL DEFAULT '0000-00-00',
  `created` datetime NOT NULL DEFAULT '0000-00-00 00:00:00',
  `updated` datetime NOT NULL DEFAULT '0000-00-00 00:00:00',
  `removed` datetime NOT NULL DEFAULT '0000-00-00 00:00:00',
  PRIMARY KEY (`id`),
  KEY `FK_operations_customers` (`customer_id`),
  KEY `FK_operations_products` (`product_id`),
  KEY `FK_operations_realtors` (`realtor_id`),
  CONSTRAINT `FK_operations_customers` FOREIGN KEY (`customer_id`) REFERENCES `customers` (`id`),
  CONSTRAINT `FK_operations_products` FOREIGN KEY (`product_id`) REFERENCES `products` (`id`),
  CONSTRAINT `FK_operations_realtors` FOREIGN KEY (`realtor_id`) REFERENCES `realtors` (`id`)
) ENGINE=InnoDB AUTO_INCREMENT=2 DEFAULT CHARSET=latin1;

/*Data for the table `operations` */

insert  into `operations`(`id`,`product_id`,`customer_id`,`realtor_id`,`transaction_type`,`value`,`date_start`,`date_end`,`created`,`updated`,`removed`) values (1,7,1,1,1,'123.00','2012-03-01','2013-03-01','2012-03-27 17:11:07','2012-03-27 17:15:13','0000-00-00 00:00:00');

/*Table structure for table `pages` */

DROP TABLE IF EXISTS `pages`;

CREATE TABLE `pages` (
  `id` bigint(20) unsigned NOT NULL AUTO_INCREMENT,
  `parent_id` bigint(20) unsigned DEFAULT NULL,
  `title` varchar(100) NOT NULL,
  `alias` varchar(100) NOT NULL,
  `content` text NOT NULL,
  `created` datetime NOT NULL DEFAULT '0000-00-00 00:00:00',
  `updated` datetime NOT NULL DEFAULT '0000-00-00 00:00:00',
  `removed` datetime NOT NULL DEFAULT '0000-00-00 00:00:00',
  PRIMARY KEY (`id`),
  KEY `FK_pages` (`parent_id`),
  CONSTRAINT `FK_pages` FOREIGN KEY (`parent_id`) REFERENCES `pages` (`id`)
) ENGINE=InnoDB AUTO_INCREMENT=9 DEFAULT CHARSET=latin1;

/*Data for the table `pages` */

insert  into `pages`(`id`,`parent_id`,`title`,`alias`,`content`,`created`,`updated`,`removed`) values (1,NULL,'aeiou-aeiou-aeiou','  ~e~i~u-','asd','2012-02-10 19:18:58','2012-03-09 14:19:29','2012-03-26 13:58:45'),(2,3,'quem-somos-noses','Quem Somos Nses','<img src=\"http://combo01:81/COMBO/Imobiliaria/sistema/web/static/images/24029_32082.png\"><div>As rveres somos nses.<div><a href=\"http://www.google.com.br/images/srpr/logo3w.png\">http://www.google.com.br/images/srpr/logo3w.png</a>&nbsp;<br></div><div><br></div></div>','2012-02-10 19:24:08','2012-03-09 16:29:08','2012-03-26 13:58:39'),(3,NULL,'sobre','Sobre','Texto de teste de qualquer coisa.<div><br></div><div>Qualquer dvida  s avisar!</div>','2012-03-01 12:52:04','2012-03-01 18:48:26','0000-00-00 00:00:00'),(4,NULL,'nova-pagina-de-teste','Nova pgina de teste','<div><img src=\"http://imobiliaria.jobs.combo.st/sistema/files/pages/1772198368_1620248135.jpg\"><br></div><div style=\"text-align: right;\">Teste de texto de teste, para testes, de teste.</div>','2012-03-01 18:49:20','2012-03-23 07:28:25','2012-03-26 13:58:43'),(6,3,'sobre-2','sobre 2','teste','2012-03-09 14:44:48','0000-00-00 00:00:00','2012-03-26 13:58:37'),(7,4,'filho-nova-pagina-teste','Filho Nova Pgina teste','<img src=\"http://combo01:81/COMBO/Imobiliaria/sistema/web/static/images/5123_8064.png\"><div>Filho Nova Pgina teste&nbsp;<br></div>','2012-03-09 16:27:46','0000-00-00 00:00:00','2012-03-26 13:58:43'),(8,3,'missao','Misso','teste de misso','2012-03-26 14:02:47','2012-03-26 14:02:57','0000-00-00 00:00:00');

/*Table structure for table `products` */

DROP TABLE IF EXISTS `products`;

CREATE TABLE `products` (
  `id` bigint(20) unsigned NOT NULL AUTO_INCREMENT,
  `customer_id` bigint(20) unsigned NOT NULL,
  `neighborhood_id` bigint(20) unsigned DEFAULT NULL,
  `value` decimal(10,2) NOT NULL,
  `description` text NOT NULL,
  `type` tinyint(1) NOT NULL DEFAULT '0',
  `transaction_type` tinyint(1) NOT NULL DEFAULT '0',
  `zip_code` varchar(9) DEFAULT NULL,
  `address` varchar(500) NOT NULL,
  `number` int(5) DEFAULT NULL,
  `complement` int(5) DEFAULT NULL,
  `pos_latitude` float NOT NULL,
  `pos_longitude` float NOT NULL,
  `created` datetime NOT NULL DEFAULT '0000-00-00 00:00:00',
  `updated` datetime NOT NULL DEFAULT '0000-00-00 00:00:00',
  `removed` datetime NOT NULL DEFAULT '0000-00-00 00:00:00',
  PRIMARY KEY (`id`),
  KEY `FK_properties_customers` (`customer_id`),
  CONSTRAINT `FK_properties_customers` FOREIGN KEY (`customer_id`) REFERENCES `customers` (`id`)
) ENGINE=InnoDB AUTO_INCREMENT=11 DEFAULT CHARSET=latin1;

/*Data for the table `products` */

insert  into `products`(`id`,`customer_id`,`neighborhood_id`,`value`,`description`,`type`,`transaction_type`,`zip_code`,`address`,`number`,`complement`,`pos_latitude`,`pos_longitude`,`created`,`updated`,`removed`) values (2,1,4,'115025.00','Imvel impecvel.\r\nLindo!!!',0,0,'94935-050','teste',123,0,0,0,'2012-02-08 17:05:00','2012-03-08 13:59:28','0000-00-00 00:00:00'),(5,1,NULL,'30000.00','ads',0,0,NULL,'',NULL,NULL,0,0,'2012-02-15 20:06:01','2012-02-15 20:06:09','2012-03-09 21:38:17'),(6,1,6,'300000.00','Este imvel encontra-se em timo estado, totalmente reformado e com tima localizao.',0,0,'','teste novo produto',0,0,1123320,1234210000,'2012-02-15 21:04:11','2012-03-08 14:20:48','0000-00-00 00:00:00'),(7,2,2,'300.00','Imvel em timo estado, totalmente reformado e com tima localizao.',0,0,'','Rua So Jernimo, 290',0,0,0,0,'2012-03-01 13:19:50','2012-03-08 13:59:25','0000-00-00 00:00:00'),(10,1,3,'0.00','',0,0,'','',0,0,0,0,'2012-03-07 20:56:06','0000-00-00 00:00:00','0000-00-00 00:00:00');

/*Table structure for table `products_categories_items` */

DROP TABLE IF EXISTS `products_categories_items`;

CREATE TABLE `products_categories_items` (
  `id` bigint(20) unsigned NOT NULL AUTO_INCREMENT,
  `product_id` bigint(20) unsigned NOT NULL,
  `category_item_id` bigint(20) unsigned NOT NULL,
  `created` datetime NOT NULL DEFAULT '0000-00-00 00:00:00',
  `updated` datetime NOT NULL DEFAULT '0000-00-00 00:00:00',
  `removed` datetime NOT NULL DEFAULT '0000-00-00 00:00:00',
  PRIMARY KEY (`id`),
  KEY `FK_products_categories_items_categories_items` (`category_item_id`),
  KEY `FK_products_categories_items_products` (`product_id`),
  CONSTRAINT `FK_products_categories_items_categories_items` FOREIGN KEY (`category_item_id`) REFERENCES `categories_items` (`id`),
  CONSTRAINT `FK_products_categories_items_products` FOREIGN KEY (`product_id`) REFERENCES `products` (`id`)
) ENGINE=InnoDB AUTO_INCREMENT=23 DEFAULT CHARSET=latin1;

/*Data for the table `products_categories_items` */

insert  into `products_categories_items`(`id`,`product_id`,`category_item_id`,`created`,`updated`,`removed`) values (1,2,6,'2012-02-08 17:07:17','0000-00-00 00:00:00','2012-03-09 18:42:48'),(2,2,2,'2012-02-08 17:07:17','0000-00-00 00:00:00','2012-03-09 18:42:48'),(3,2,22,'2012-02-08 17:07:36','0000-00-00 00:00:00','2012-03-09 18:42:48'),(4,2,30,'2012-02-08 18:07:02','0000-00-00 00:00:00','2012-03-09 18:42:48'),(5,2,33,'2012-02-08 18:07:02','0000-00-00 00:00:00','2012-03-09 18:42:48'),(6,2,34,'2012-02-08 18:07:02','0000-00-00 00:00:00','2012-03-09 18:42:48'),(7,5,8,'2012-02-15 20:06:01','0000-00-00 00:00:00','2012-03-09 21:38:17'),(8,5,31,'2012-02-15 20:06:01','0000-00-00 00:00:00','2012-03-09 21:38:17'),(9,5,34,'2012-02-15 20:06:01','0000-00-00 00:00:00','2012-03-09 21:38:17'),(10,5,2,'2012-02-15 20:06:01','0000-00-00 00:00:00','2012-03-09 21:38:17'),(11,6,8,'2012-02-15 21:04:11','0000-00-00 00:00:00','0000-00-00 00:00:00'),(12,6,30,'2012-02-15 21:04:11','0000-00-00 00:00:00','0000-00-00 00:00:00'),(13,6,33,'2012-02-15 21:04:11','0000-00-00 00:00:00','0000-00-00 00:00:00'),(14,6,34,'2012-02-15 21:04:11','0000-00-00 00:00:00','0000-00-00 00:00:00'),(15,6,35,'2012-02-15 21:04:11','0000-00-00 00:00:00','0000-00-00 00:00:00'),(16,6,2,'2012-02-15 21:04:11','0000-00-00 00:00:00','0000-00-00 00:00:00'),(17,7,8,'2012-03-01 13:19:50','0000-00-00 00:00:00','2012-03-09 18:42:50'),(18,7,32,'2012-03-01 13:19:50','0000-00-00 00:00:00','2012-03-09 18:42:50'),(19,7,33,'2012-03-01 13:19:50','0000-00-00 00:00:00','2012-03-09 18:42:50'),(20,7,1,'2012-03-01 13:19:50','0000-00-00 00:00:00','2012-03-09 18:42:50'),(21,7,2,'2012-03-01 13:23:05','0000-00-00 00:00:00','2012-03-09 18:42:50'),(22,2,3,'2012-03-06 16:35:48','0000-00-00 00:00:00','2012-03-09 18:42:48');

/*Table structure for table `products_photos` */

DROP TABLE IF EXISTS `products_photos`;

CREATE TABLE `products_photos` (
  `id` bigint(20) unsigned NOT NULL AUTO_INCREMENT,
  `product_id` bigint(20) unsigned NOT NULL,
  `title` varchar(300) NOT NULL,
  `created` datetime NOT NULL DEFAULT '0000-00-00 00:00:00',
  `updated` datetime NOT NULL DEFAULT '0000-00-00 00:00:00',
  `removed` datetime NOT NULL DEFAULT '0000-00-00 00:00:00',
  PRIMARY KEY (`id`),
  KEY `FK_products_photos_products` (`product_id`),
  CONSTRAINT `FK_products_photos_products` FOREIGN KEY (`product_id`) REFERENCES `products` (`id`)
) ENGINE=InnoDB AUTO_INCREMENT=66 DEFAULT CHARSET=latin1;

/*Data for the table `products_photos` */

insert  into `products_photos`(`id`,`product_id`,`title`,`created`,`updated`,`removed`) values (1,2,'','2012-02-17 21:32:10','0000-00-00 00:00:00','2012-03-09 18:42:48'),(2,2,'','2012-02-17 21:32:11','0000-00-00 00:00:00','2012-03-09 18:42:48'),(3,2,'','2012-02-17 21:32:12','0000-00-00 00:00:00','2012-03-09 18:42:48'),(4,2,'','2012-02-17 21:32:13','0000-00-00 00:00:00','2012-03-09 18:42:48'),(5,2,'','2012-02-17 21:32:15','0000-00-00 00:00:00','2012-03-09 18:42:48'),(6,2,'','2012-02-17 21:32:16','0000-00-00 00:00:00','2012-03-09 18:42:48'),(7,2,'','2012-02-17 21:32:17','0000-00-00 00:00:00','2012-03-09 18:42:48'),(8,2,'','2012-02-17 21:32:19','0000-00-00 00:00:00','2012-03-09 18:42:48'),(9,2,'','2012-02-17 21:32:20','0000-00-00 00:00:00','2012-03-09 18:42:48'),(10,2,'','2012-02-17 21:32:21','0000-00-00 00:00:00','2012-03-09 18:42:48'),(11,2,'','2012-02-17 21:32:22','0000-00-00 00:00:00','2012-03-09 18:42:48'),(12,2,'','2012-02-17 21:32:23','0000-00-00 00:00:00','2012-03-09 18:42:48'),(13,6,'','2012-02-29 19:36:22','0000-00-00 00:00:00','0000-00-00 00:00:00'),(14,6,'','2012-02-29 19:44:21','0000-00-00 00:00:00','0000-00-00 00:00:00'),(15,6,'','2012-02-29 19:45:55','0000-00-00 00:00:00','0000-00-00 00:00:00'),(16,6,'','2012-02-29 19:46:23','0000-00-00 00:00:00','0000-00-00 00:00:00'),(17,7,'','2012-03-01 13:24:04','0000-00-00 00:00:00','2012-03-09 18:42:50'),(18,7,'','2012-03-01 13:24:09','0000-00-00 00:00:00','2012-03-09 18:42:50'),(19,7,'','2012-03-02 15:48:43','0000-00-00 00:00:00','2012-03-09 18:42:50'),(20,7,'','2012-03-02 15:49:30','0000-00-00 00:00:00','2012-03-09 18:42:50'),(21,7,'','2012-03-02 15:49:46','0000-00-00 00:00:00','2012-03-09 18:42:50'),(22,7,'','2012-03-02 15:55:36','0000-00-00 00:00:00','2012-03-09 18:42:50'),(23,7,'','2012-03-02 15:57:31','0000-00-00 00:00:00','2012-03-09 18:42:50'),(24,7,'','2012-03-02 15:58:14','0000-00-00 00:00:00','2012-03-09 18:42:50'),(25,7,'','2012-03-02 15:58:41','0000-00-00 00:00:00','2012-03-09 18:42:50'),(26,7,'','2012-03-02 16:06:38','0000-00-00 00:00:00','2012-03-09 18:42:50'),(27,7,'','2012-03-02 16:07:12','0000-00-00 00:00:00','2012-03-09 18:42:50'),(28,7,'','2012-03-02 16:07:42','0000-00-00 00:00:00','2012-03-09 18:42:50'),(29,7,'','2012-03-02 16:14:32','0000-00-00 00:00:00','2012-03-09 18:42:50'),(30,7,'','2012-03-02 16:15:05','0000-00-00 00:00:00','2012-03-09 18:42:50'),(31,7,'','2012-03-02 16:38:32','0000-00-00 00:00:00','2012-03-09 18:42:50'),(32,7,'','2012-03-02 16:58:49','0000-00-00 00:00:00','2012-03-09 18:42:50'),(33,7,'','2012-03-02 16:59:58','0000-00-00 00:00:00','2012-03-09 18:42:50'),(34,7,'','2012-03-02 17:00:12','0000-00-00 00:00:00','2012-03-09 18:42:50'),(35,7,'','2012-03-02 17:00:27','0000-00-00 00:00:00','2012-03-09 18:42:50'),(36,7,'','2012-03-02 17:01:12','0000-00-00 00:00:00','2012-03-09 18:42:50'),(37,7,'','2012-03-02 17:01:40','0000-00-00 00:00:00','2012-03-09 18:42:50'),(38,7,'','2012-03-02 17:02:16','0000-00-00 00:00:00','2012-03-09 18:42:50'),(39,7,'','2012-03-02 17:34:47','0000-00-00 00:00:00','2012-03-09 18:42:50'),(40,7,'','2012-03-02 17:35:14','0000-00-00 00:00:00','2012-03-09 18:42:50'),(41,7,'','2012-03-02 17:36:18','0000-00-00 00:00:00','2012-03-09 18:42:50'),(42,7,'','2012-03-02 17:37:07','0000-00-00 00:00:00','2012-03-09 18:42:50'),(43,7,'','2012-03-02 17:37:43','0000-00-00 00:00:00','2012-03-09 18:42:50'),(44,7,'','2012-03-02 17:37:57','0000-00-00 00:00:00','2012-03-09 18:42:50'),(45,7,'','2012-03-02 17:38:24','0000-00-00 00:00:00','2012-03-09 18:42:50'),(46,7,'','2012-03-02 17:38:55','0000-00-00 00:00:00','2012-03-09 18:42:50'),(47,7,'','2012-03-02 17:39:03','0000-00-00 00:00:00','2012-03-09 18:42:50'),(48,7,'','2012-03-02 17:39:49','0000-00-00 00:00:00','2012-03-09 18:42:50'),(49,7,'','2012-03-02 17:40:15','0000-00-00 00:00:00','2012-03-09 18:42:50'),(50,7,'','2012-03-02 17:40:27','0000-00-00 00:00:00','2012-03-09 18:42:50'),(51,7,'','2012-03-02 17:44:38','0000-00-00 00:00:00','2012-03-09 18:42:50'),(52,7,'','2012-03-02 17:47:55','0000-00-00 00:00:00','2012-03-09 18:42:50'),(53,7,'','2012-03-02 17:48:36','0000-00-00 00:00:00','2012-03-09 18:42:50'),(54,7,'','2012-03-02 17:51:23','0000-00-00 00:00:00','2012-03-09 18:42:50'),(55,7,'','2012-03-02 17:54:45','0000-00-00 00:00:00','2012-03-09 18:42:50'),(56,7,'','2012-03-02 18:06:35','0000-00-00 00:00:00','2012-03-09 18:42:50'),(57,7,'','2012-03-02 18:06:36','0000-00-00 00:00:00','2012-03-09 18:42:50'),(58,7,'','2012-03-02 18:06:37','0000-00-00 00:00:00','2012-03-09 18:42:50'),(59,6,'','2012-03-06 19:51:29','0000-00-00 00:00:00','0000-00-00 00:00:00'),(60,6,'','2012-03-06 19:51:30','0000-00-00 00:00:00','0000-00-00 00:00:00'),(61,6,'','2012-03-06 19:51:31','0000-00-00 00:00:00','0000-00-00 00:00:00'),(62,6,'','2012-03-06 19:51:32','0000-00-00 00:00:00','0000-00-00 00:00:00'),(63,6,'','2012-03-06 19:51:34','0000-00-00 00:00:00','0000-00-00 00:00:00'),(64,6,'','2012-03-06 19:51:35','0000-00-00 00:00:00','0000-00-00 00:00:00'),(65,6,'','2012-03-06 19:51:36','0000-00-00 00:00:00','0000-00-00 00:00:00');

/*Table structure for table `realtors` */

DROP TABLE IF EXISTS `realtors`;

CREATE TABLE `realtors` (
  `id` bigint(20) unsigned NOT NULL AUTO_INCREMENT,
  `neighborhood_id` bigint(20) unsigned DEFAULT NULL,
  `name` varchar(300) NOT NULL,
  `cpf` varchar(14) NOT NULL,
  `rg` varchar(14) NOT NULL,
  `civil_status` tinyint(1) NOT NULL,
  `zip_code` varchar(9) DEFAULT NULL,
  `address` varchar(500) NOT NULL,
  `number` int(5) DEFAULT NULL,
  `complement` int(5) DEFAULT NULL,
  `email` varchar(300) NOT NULL,
  `cellphone` varchar(20) DEFAULT NULL,
  `phone` varchar(20) NOT NULL,
  `phone2` varchar(20) DEFAULT NULL,
  `created` datetime NOT NULL DEFAULT '0000-00-00 00:00:00',
  `updated` datetime NOT NULL DEFAULT '0000-00-00 00:00:00',
  `removed` datetime NOT NULL DEFAULT '0000-00-00 00:00:00',
  PRIMARY KEY (`id`)
) ENGINE=InnoDB AUTO_INCREMENT=5 DEFAULT CHARSET=latin1;

/*Data for the table `realtors` */

insert  into `realtors`(`id`,`neighborhood_id`,`name`,`cpf`,`rg`,`civil_status`,`zip_code`,`address`,`number`,`complement`,`email`,`cellphone`,`phone`,`phone2`,`created`,`updated`,`removed`) values (1,6,'Leonardo Geremias Leal','835.745.300-72','7076163951',0,'94949-494','Rua Bem Perto',123,456,'leo@combo.st','(51) 4063-8552','(51) 4063-8552','(51) 4063-8552','2012-03-09 18:41:21','2012-03-23 03:12:30','0000-00-00 00:00:00'),(2,6,'Leonardo Geremias Leal','835.745.300-72','7076163951',0,'94949-494','Rua Bem Perto',123,1,'leo@combo.st','(51) 4063-8552','(51) 4063-8552','(51) 4063-8552','2012-03-09 18:42:07','0000-00-00 00:00:00','2012-03-09 21:38:24'),(3,6,'Leonardo Geremias Leal','835.745.300-72','7076163951',0,'94949-494','Rua Bem Perto',123,1,'leo@combo.st','(51) 4063-8552','(51) 4063-8552','(51) 4063-8552','2012-03-09 18:42:29','0000-00-00 00:00:00','2012-03-09 21:38:26'),(4,6,'Leonardo Geremias Leal','835.745.300-72','7076163951',0,'94949-494','Rua Bem Perto',123,1,'leo@combo.st','(51) 4063-8552','(51) 4063-8552','(51) 4063-8552','2012-03-09 18:42:41','0000-00-00 00:00:00','2012-03-09 21:38:24');

/*Table structure for table `states` */

DROP TABLE IF EXISTS `states`;

CREATE TABLE `states` (
  `id` bigint(20) unsigned NOT NULL AUTO_INCREMENT,
  `name` varchar(100) NOT NULL,
  `alias` char(2) NOT NULL,
  `created` datetime NOT NULL DEFAULT '0000-00-00 00:00:00',
  `updated` datetime NOT NULL DEFAULT '0000-00-00 00:00:00',
  `removed` datetime NOT NULL DEFAULT '0000-00-00 00:00:00',
  PRIMARY KEY (`id`)
) ENGINE=InnoDB AUTO_INCREMENT=3 DEFAULT CHARSET=latin1;

/*Data for the table `states` */

insert  into `states`(`id`,`name`,`alias`,`created`,`updated`,`removed`) values (1,'Rio Grande do Sul','RS','2012-03-07 00:00:00','0000-00-00 00:00:00','0000-00-00 00:00:00'),(2,'Santa Catarina','SC','2012-03-07 00:00:00','0000-00-00 00:00:00','0000-00-00 00:00:00');

/*Table structure for table `users` */

DROP TABLE IF EXISTS `users`;

CREATE TABLE `users` (
  `id` int(11) NOT NULL AUTO_INCREMENT,
  `name` varchar(100) NOT NULL,
  `email` varchar(200) NOT NULL,
  `login` varchar(50) NOT NULL,
  `password` varchar(32) NOT NULL,
  `level` tinyint(1) NOT NULL DEFAULT '0',
  `created` datetime NOT NULL DEFAULT '0000-00-00 00:00:00',
  `updated` datetime NOT NULL DEFAULT '0000-00-00 00:00:00',
  `removed` datetime NOT NULL DEFAULT '0000-00-00 00:00:00',
  PRIMARY KEY (`id`)
) ENGINE=MyISAM AUTO_INCREMENT=2 DEFAULT CHARSET=utf8;

/*Data for the table `users` */

insert  into `users`(`id`,`name`,`email`,`login`,`password`,`level`,`created`,`updated`,`removed`) values (1,'COMBO','leo@combo.st','combo.st','698dc19d489c4e4db73e28a713eab07b',1,'0000-00-00 00:00:00','2012-03-06 19:32:09','0000-00-00 00:00:00');

/*!40101 SET SQL_MODE=@OLD_SQL_MODE */;
/*!40014 SET FOREIGN_KEY_CHECKS=@OLD_FOREIGN_KEY_CHECKS */;
/*!40014 SET UNIQUE_CHECKS=@OLD_UNIQUE_CHECKS */;
/*!40111 SET SQL_NOTES=@OLD_SQL_NOTES */;
